date,source_url,calendar_url
1999-05-18,https://www.federalreserve.gov/boarddocs/press/general/1999/19990518/,https://www.federalreserve.gov/monetarypolicy/fomchistorical1999.htm
1999-06-30,https://www.federalreserve.gov/boarddocs/press/general/1999/19990630/,https://www.federalreserve.gov/monetarypolicy/fomchistorical1999.htm
1999-08-24,https://www.federalreserve.gov/boarddocs/press/general/1999/19990824/,https://www.federalreserve.gov/monetarypolicy/fomchistorical1999.htm
1999-10-05,https://www.federalreserve.gov/boarddocs/press/general/1999/19991005/,https://www.federalreserve.gov/monetarypolicy/fomchistorical1999.htm
1999-11-16,https://www.federalreserve.gov/boarddocs/press/general/1999/19991116/,https://www.federalreserve.gov/monetarypolicy/fomchistorical1999.htm
1999-12-21,https://www.federalreserve.gov/boarddocs/press/general/1999/19991221/,https://www.federalreserve.gov/monetarypolicy/fomchistorical1999.htm
2000-02-02,https://www.federalreserve.gov/boarddocs/press/general/2000/20000202/,https://www.federalreserve.gov/monetarypolicy/fomchistorical2000.htm
2000-03-21,https://www.federalreserve.gov/boarddocs/press/general/2000/20000321/,https://www.federalreserve.gov/monetarypolicy/fomchistorical2000.htm
2000-05-16,https://www.federalreserve.gov/boarddocs/press/general/2000/20000516/,https://www.federalreserve.gov/monetarypolicy/fomchistorical2000.htm
2000-06-28,https://www.federalreserve.gov/boarddocs/press/general/2000/20000628/,https://www.federalreserve.gov/monetarypolicy/fomchistorical2000.htm
2000-08-22,https://www.federalreserve.gov/boarddocs/press/general/2000/20000822/,https://www.federalreserve.gov/monetarypolicy/fomchistorical2000.htm
2000-10-03,https://www.federalreserve.gov/boarddocs/press/general/2000/20001003/,https://www.federalreserve.gov/monetarypolicy/fomchistorical2000.htm
2000-11-15,https://www.federalreserve.gov/boarddocs/press/general/2000/20001115/,https://www.federalreserve.gov/monetarypolicy/fomchistorical2000.htm
2000-12-19,https://www.federalreserve.gov/boarddocs/press/general/2000/20001219/,https://www.federalreserve.gov/monetarypolicy/fomchistorical2000.htm
2001-01-31,https://www.federalreserve.gov/boarddocs/press/general/2001/20010131/,https://www.federalreserve.gov/monetarypolicy/fomchistorical2001.htm
2001-03-20,https://www.federalreserve.gov/boarddocs/press/general/2001/20010320/,https://www.federalreserve.gov/monetarypolicy/fomchistorical2001.htm
2001-05-15,https://www.federalreserve.gov/boarddocs/press/general/2001/20010515/,https://www.federalreserve.gov/monetarypolicy/fomchistorical2001.htm
2001-06-27,https://www.federalreserve.gov/boarddocs/press/general/2001/20010627/,https://www.federalreserve.gov/monetarypolicy/fomchistorical2001.htm
2001-08-21,https://www.federalreserve.gov/boarddocs/press/general/2001/20010821/,https://www.federalreserve.gov/monetarypolicy/fomchistorical2001.htm
2001-10-02,https://www.federalreserve.gov/boarddocs/press/general/2001/20011002/,https://www.federalreserve.gov/monetarypolicy/fomchistorical2001.htm
2001-11-06,https://www.federalreserve.gov/boarddocs/press/general/2001/20011106/,https://www.federalreserve.gov/monetarypolicy/fomchistorical2001.htm
2001-12-11,https://www.federalreserve.gov/boarddocs/press/general/2001/20011211/,https://www.federalreserve.gov/monetarypolicy/fomchistorical2001.htm
2002-01-30,https://www.federalreserve.gov/boarddocs/press/general/2002/20020130/,https://www.federalreserve.gov/monetarypolicy/fomchistorical2002.htm
2002-03-19,https://www.federalreserve.gov/boarddocs/press/general/2002/20020319/,https://www.federalreserve.gov/monetarypolicy/fomchistorical2002.htm
2002-05-07,https://www.federalreserve.gov/boarddocs/press/monetary/2002/20020507/,https://www.federalreserve.gov/monetarypolicy/fomchistorical2002.htm
2002-06-26,https://www.federalreserve.gov/boarddocs/press/monetary/2002/20020626/,https://www.federalreserve.gov/monetarypolicy/fomchistorical2002.htm
2002-08-13,https://www.federalreserve.gov/boarddocs/press/monetary/2002/20020813/,https://www.federalreserve.gov/monetarypolicy/fomchistorical2002.htm
2002-09-24,https://www.federalreserve.gov/boarddocs/press/monetary/2002/20020924/,https://www.federalreserve.gov/monetarypolicy/fomchistorical2002.htm
2002-11-06,https://www.federalreserve.gov/boarddocs/press/monetary/2002/20021106/,https://www.federalreserve.gov/monetarypolicy/fomchistorical2002.htm
2002-12-10,https://www.federalreserve.gov/boarddocs/press/monetary/2002/20021210/,https://www.federalreserve.gov/monetarypolicy/fomchistorical2002.htm
2003-01-29,https://www.federalreserve.gov/boarddocs/press/monetary/2003/20030129/default.htm,https://www.federalreserve.gov/monetarypolicy/fomchistorical2003.htm
2003-03-18,https://www.federalreserve.gov/boarddocs/press/monetary/2003/20030318/default.htm,https://www.federalreserve.gov/monetarypolicy/fomchistorical2003.htm
2003-05-06,https://www.federalreserve.gov/boarddocs/press/monetary/2003/20030506/default.htm,https://www.federalreserve.gov/monetarypolicy/fomchistorical2003.htm
2003-06-25,https://www.federalreserve.gov/boarddocs/press/monetary/2003/20030625/default.htm,https://www.federalreserve.gov/monetarypolicy/fomchistorical2003.htm
2003-08-12,https://www.federalreserve.gov/boarddocs/press/monetary/2003/20030812/default.htm,https://www.federalreserve.gov/monetarypolicy/fomchistorical2003.htm
2003-09-16,https://www.federalreserve.gov/boarddocs/press/monetary/2003/20030916/default.htm,https://www.federalreserve.gov/monetarypolicy/fomchistorical2003.htm
2003-10-28,https://www.federalreserve.gov/boarddocs/press/monetary/2003/20031028/default.htm,https://www.federalreserve.gov/monetarypolicy/fomchistorical2003.htm
2003-12-09,https://www.federalreserve.gov/boarddocs/press/monetary/2003/20031209/default.htm,https://www.federalreserve.gov/monetarypolicy/fomchistorical2003.htm
2004-01-28,https://www.federalreserve.gov/boarddocs/press/monetary/2004/20040128/default.htm,https://www.federalreserve.gov/monetarypolicy/fomchistorical2004.htm
2004-03-16,https://www.federalreserve.gov/boarddocs/press/monetary/2004/20040316/default.htm,https://www.federalreserve.gov/monetarypolicy/fomchistorical2004.htm
2004-05-04,https://www.federalreserve.gov/boarddocs/press/monetary/2004/20040504/default.htm,https://www.federalreserve.gov/monetarypolicy/fomchistorical2004.htm
2004-06-30,https://www.federalreserve.gov/boarddocs/press/monetary/2004/20040630/default.htm,https://www.federalreserve.gov/monetarypolicy/fomchistorical2004.htm
2004-08-10,https://www.federalreserve.gov/boarddocs/press/monetary/2004/20040810/default.htm,https://www.federalreserve.gov/monetarypolicy/fomchistorical2004.htm
2004-09-21,https://www.federalreserve.gov/boarddocs/press/monetary/2004/20040921/default.htm,https://www.federalreserve.gov/monetarypolicy/fomchistorical2004.htm
2004-11-10,https://www.federalreserve.gov/boarddocs/press/monetary/2004/20041110/default.htm,https://www.federalreserve.gov/monetarypolicy/fomchistorical2004.htm
2004-12-14,https://www.federalreserve.gov/boarddocs/press/monetary/2004/20041214/default.htm,https://www.federalreserve.gov/monetarypolicy/fomchistorical2004.htm
2005-02-02,https://www.federalreserve.gov/boarddocs/press/monetary/2005/20050202/default.htm,https://www.federalreserve.gov/monetarypolicy/fomchistorical2005.htm
2005-03-22,https://www.federalreserve.gov/boarddocs/press/monetary/2005/20050322/default.htm,https://www.federalreserve.gov/monetarypolicy/fomchistorical2005.htm
2005-05-03,https://www.federalreserve.gov/boarddocs/press/monetary/2005/20050503/default.htm,https://www.federalreserve.gov/monetarypolicy/fomchistorical2005.htm
2005-06-30,https://www.federalreserve.gov/boarddocs/press/monetary/2005/20050630/default.htm,https://www.federalreserve.gov/monetarypolicy/fomchistorical2005.htm
2005-08-09,https://www.federalreserve.gov/boarddocs/press/monetary/2005/20050809/default.htm,https://www.federalreserve.gov/monetarypolicy/fomchistorical2005.htm
2005-09-20,https://www.federalreserve.gov/boarddocs/press/monetary/2005/20050920/,https://www.federalreserve.gov/monetarypolicy/fomchistorical2005.htm
2005-11-01,https://www.federalreserve.gov/boarddocs/press/monetary/2005/20051101/,https://www.federalreserve.gov/monetarypolicy/fomchistorical2005.htm
2005-12-13,https://www.federalreserve.gov/boarddocs/press/monetary/2005/20051213/,https://www.federalreserve.gov/monetarypolicy/fomchistorical2005.htm
2006-01-31,https://www.federalreserve.gov/newsevents/press/monetary/20060131a.htm,https://www.federalreserve.gov/monetarypolicy/fomchistorical2006.htm
2006-03-28,https://www.federalreserve.gov/newsevents/press/monetary/20060328a.htm,https://www.federalreserve.gov/monetarypolicy/fomchistorical2006.htm
2006-05-10,https://www.federalreserve.gov/newsevents/press/monetary/20060510a.htm,https://www.federalreserve.gov/monetarypolicy/fomchistorical2006.htm
2006-06-29,https://www.federalreserve.gov/newsevents/press/monetary/20060629a.htm,https://www.federalreserve.gov/monetarypolicy/fomchistorical2006.htm
2006-08-08,https://www.federalreserve.gov/newsevents/press/monetary/20060808a.htm,https://www.federalreserve.gov/monetarypolicy/fomchistorical2006.htm
2006-09-20,https://www.federalreserve.gov/newsevents/press/monetary/20060920a.htm,https://www.federalreserve.gov/monetarypolicy/fomchistorical2006.htm
2006-10-25,https://www.federalreserve.gov/newsevents/press/monetary/20061025a.htm,https://www.federalreserve.gov/monetarypolicy/fomchistorical2006.htm
2006-12-12,https://www.federalreserve.gov/newsevents/press/monetary/20061212a.htm,https://www.federalreserve.gov/monetarypolicy/fomchistorical2006.htm
2007-01-31,https://www.federalreserve.gov/newsevents/press/monetary/20070131a.htm,https://www.federalreserve.gov/monetarypolicy/fomchistorical2007.htm
2007-03-21,https://www.federalreserve.gov/newsevents/press/monetary/20070321a.htm,https://www.federalreserve.gov/monetarypolicy/fomchistorical2007.htm
2007-05-09,https://www.federalreserve.gov/newsevents/press/monetary/20070509a.htm,https://www.federalreserve.gov/monetarypolicy/fomchistorical2007.htm
2007-06-18,https://www.federalreserve.gov/newsevents/press/monetary/20070618a.htm,https://www.federalreserve.gov/monetarypolicy/fomchistorical2007.htm
2007-08-07,https://www.federalreserve.gov/newsevents/press/monetary/20070807a.htm,https://www.federalreserve.gov/monetarypolicy/fomchistorical2007.htm
2007-09-18,https://www.federalreserve.gov/newsevents/press/monetary/20070918a.htm,https://www.federalreserve.gov/monetarypolicy/fomchistorical2007.htm
2007-10-31,https://www.federalreserve.gov/newsevents/press/monetary/20071031a.htm,https://www.federalreserve.gov/monetarypolicy/fomchistorical2007.htm
2007-12-11,https://www.federalreserve.gov/newsevents/press/monetary/20071211a.htm,https://www.federalreserve.gov/monetarypolicy/fomchistorical2007.htm
2008-01-30,https://www.federalreserve.gov/newsevents/press/monetary/20080130a.htm,https://www.federalreserve.gov/monetarypolicy/fomchistorical2008.htm
2008-03-18,https://www.federalreserve.gov/newsevents/press/monetary/20080318a.htm,https://www.federalreserve.gov/monetarypolicy/fomchistorical2008.htm
2008-04-30,https://www.federalreserve.gov/newsevents/press/monetary/20080430a.htm,https://www.federalreserve.gov/monetarypolicy/fomchistorical2008.htm
2008-06-25,https://www.federalreserve.gov/newsevents/press/monetary/20080625a.htm,https://www.federalreserve.gov/monetarypolicy/fomchistorical2008.htm
2008-08-05,https://www.federalreserve.gov/newsevents/press/monetary/20080805a.htm,https://www.federalreserve.gov/monetarypolicy/fomchistorical2008.htm
2008-09-16,https://www.federalreserve.gov/newsevents/press/monetary/20080916a.htm,https://www.federalreserve.gov/monetarypolicy/fomchistorical2008.htm
2008-10-29,https://www.federalreserve.gov/newsevents/press/monetary/20081029a.htm,https://www.federalreserve.gov/monetarypolicy/fomchistorical2008.htm
2008-12-16,https://www.federalreserve.gov/newsevents/press/monetary/20081216b.htm,https://www.federalreserve.gov/monetarypolicy/fomchistorical2008.htm
2009-01-28,https://www.federalreserve.gov/newsevents/press/monetary/20090128a.htm,https://www.federalreserve.gov/monetarypolicy/fomchistorical2009.htm
2009-03-18,https://www.federalreserve.gov/newsevents/press/monetary/20090318a.htm,https://www.federalreserve.gov/monetarypolicy/fomchistorical2009.htm
2009-04-29,https://www.federalreserve.gov/newsevents/press/monetary/20090429a.htm,https://www.federalreserve.gov/monetarypolicy/fomchistorical2009.htm
2009-06-24,https://www.federalreserve.gov/newsevents/press/monetary/20090624a.htm,https://www.federalreserve.gov/monetarypolicy/fomchistorical2009.htm
2009-08-12,https://www.federalreserve.gov/newsevents/press/monetary/20090812a.htm,https://www.federalreserve.gov/monetarypolicy/fomchistorical2009.htm
2009-09-23,https://www.federalreserve.gov/newsevents/press/monetary/20090923a.htm,https://www.federalreserve.gov/monetarypolicy/fomchistorical2009.htm
2009-11-04,https://www.federalreserve.gov/newsevents/press/monetary/20091104a.htm,https://www.federalreserve.gov/monetarypolicy/fomchistorical2009.htm
2009-12-16,https://www.federalreserve.gov/newsevents/press/monetary/20091216a.htm,https://www.federalreserve.gov/monetarypolicy/fomchistorical2009.htm
2010-01-27,https://www.federalreserve.gov/newsevents/press/monetary/20100127a.htm,https://www.federalreserve.gov/monetarypolicy/fomchistorical2010.htm
2010-03-16,https://www.federalreserve.gov/newsevents/press/monetary/20100316a.htm,https://www.federalreserve.gov/monetarypolicy/fomchistorical2010.htm
2010-04-28,https://www.federalreserve.gov/newsevents/press/monetary/20100428a.htm,https://www.federalreserve.gov/monetarypolicy/fomchistorical2010.htm
2010-06-23,https://www.federalreserve.gov/newsevents/press/monetary/20100623a.htm,https://www.federalreserve.gov/monetarypolicy/fomchistorical2010.htm
2010-08-10,https://www.federalreserve.gov/newsevents/press/monetary/20100810a.htm,https://www.federalreserve.gov/monetarypolicy/fomchistorical2010.htm
2010-09-21,https://www.federalreserve.gov/newsevents/press/monetary/20100921a.htm,https://www.federalreserve.gov/monetarypolicy/fomchistorical2010.htm
2010-11-03,https://www.federalreserve.gov/newsevents/press/monetary/20101103a.htm,https://www.federalreserve.gov/monetarypolicy/fomchistorical2010.htm
2010-12-14,https://www.federalreserve.gov/newsevents/press/monetary/20101214a.htm,https://www.federalreserve.gov/monetarypolicy/fomchistorical2010.htm
2011-01-26,https://www.federalreserve.gov/newsevents/pressreleases/monetary20110126a.htm,https://www.federalreserve.gov/monetarypolicy/fomchistorical2011.htm
2011-03-15,https://www.federalreserve.gov/newsevents/pressreleases/monetary20110315a.htm,https://www.federalreserve.gov/monetarypolicy/fomchistorical2011.htm
2011-04-27,https://www.federalreserve.gov/newsevents/pressreleases/monetary20110427a.htm,https://www.federalreserve.gov/monetarypolicy/fomchistorical2011.htm
2011-06-22,https://www.federalreserve.gov/newsevents/pressreleases/monetary20110622a.htm,https://www.federalreserve.gov/monetarypolicy/fomchistorical2011.htm
2011-08-09,https://www.federalreserve.gov/newsevents/pressreleases/monetary20110809a.htm,https://www.federalreserve.gov/monetarypolicy/fomchistorical2011.htm
2011-09-21,https://www.federalreserve.gov/newsevents/pressreleases/monetary20110921a.htm,https://www.federalreserve.gov/monetarypolicy/fomchistorical2011.htm
2011-11-02,https://www.federalreserve.gov/newsevents/pressreleases/monetary20111102a.htm,https://www.federalreserve.gov/monetarypolicy/fomchistorical2011.htm
2011-12-13,https://www.federalreserve.gov/newsevents/pressreleases/monetary20111213a.htm,https://www.federalreserve.gov/monetarypolicy/fomchistorical2011.htm
2012-01-25,https://www.federalreserve.gov/newsevents/pressreleases/monetary20120125a.htm,https://www.federalreserve.gov/monetarypolicy/fomchistorical2012.htm
2012-03-13,https://www.federalreserve.gov/newsevents/pressreleases/monetary20120313a.htm,https://www.federalreserve.gov/monetarypolicy/fomchistorical2012.htm
2012-04-25,https://www.federalreserve.gov/newsevents/pressreleases/monetary20120425a.htm,https://www.federalreserve.gov/monetarypolicy/fomchistorical2012.htm
2012-06-20,https://www.federalreserve.gov/newsevents/pressreleases/monetary20120620a.htm,https://www.federalreserve.gov/monetarypolicy/fomchistorical2012.htm
2012-08-01,https://www.federalreserve.gov/newsevents/pressreleases/monetary20120801a.htm,https://www.federalreserve.gov/monetarypolicy/fomchistorical2012.htm
2012-09-13,https://www.federalreserve.gov/newsevents/pressreleases/monetary20120913a.htm,https://www.federalreserve.gov/monetarypolicy/fomchistorical2012.htm
2012-10-24,https://www.federalreserve.gov/newsevents/pressreleases/monetary20121024a.htm,https://www.federalreserve.gov/monetarypolicy/fomchistorical2012.htm
2012-12-12,https://www.federalreserve.gov/newsevents/pressreleases/monetary20121212a.htm,https://www.federalreserve.gov/monetarypolicy/fomchistorical2012.htm
2013-01-30,https://www.federalreserve.gov/newsevents/pressreleases/monetary20130130a.htm,https://www.federalreserve.gov/monetarypolicy/fomchistorical2013.htm
2013-03-20,https://www.federalreserve.gov/newsevents/pressreleases/monetary20130320a.htm,https://www.federalreserve.gov/monetarypolicy/fomchistorical2013.htm
2013-05-01,https://www.federalreserve.gov/newsevents/pressreleases/monetary20130501a.htm,https://www.federalreserve.gov/monetarypolicy/fomchistorical2013.htm
2013-06-19,https://www.federalreserve.gov/newsevents/pressreleases/monetary20130619a.htm,https://www.federalreserve.gov/monetarypolicy/fomchistorical2013.htm
2013-07-31,https://www.federalreserve.gov/newsevents/pressreleases/monetary20130731a.htm,https://www.federalreserve.gov/monetarypolicy/fomchistorical2013.htm
2013-09-18,https://www.federalreserve.gov/newsevents/pressreleases/monetary20130918a.htm,https://www.federalreserve.gov/monetarypolicy/fomchistorical2013.htm
2013-10-30,https://www.federalreserve.gov/newsevents/pressreleases/monetary20131030a.htm,https://www.federalreserve.gov/monetarypolicy/fomchistorical2013.htm
2013-12-18,https://www.federalreserve.gov/newsevents/pressreleases/monetary20131218a.htm,https://www.federalreserve.gov/monetarypolicy/fomchistorical2013.htm
2014-01-29,https://www.federalreserve.gov/newsevents/pressreleases/monetary20140129a.htm,https://www.federalreserve.gov/monetarypolicy/fomchistorical2014.htm
2014-03-19,https://www.federalreserve.gov/newsevents/pressreleases/monetary20140319a.htm,https://www.federalreserve.gov/monetarypolicy/fomchistorical2014.htm
2014-04-30,https://www.federalreserve.gov/newsevents/pressreleases/monetary20140430a.htm,https://www.federalreserve.gov/monetarypolicy/fomchistorical2014.htm
2014-06-18,https://www.federalreserve.gov/newsevents/pressreleases/monetary20140618a.htm,https://www.federalreserve.gov/monetarypolicy/fomchistorical2014.htm
2014-07-30,https://www.federalreserve.gov/newsevents/pressreleases/monetary20140730a.htm,https://www.federalreserve.gov/monetarypolicy/fomchistorical2014.htm
2014-09-17,https://www.federalreserve.gov/newsevents/pressreleases/monetary20140917a.htm,https://www.federalreserve.gov/monetarypolicy/fomchistorical2014.htm
2014-10-29,https://www.federalreserve.gov/newsevents/pressreleases/monetary20141029a.htm,https://www.federalreserve.gov/monetarypolicy/fomchistorical2014.htm
2014-12-17,https://www.federalreserve.gov/newsevents/pressreleases/monetary20141217a.htm,https://www.federalreserve.gov/monetarypolicy/fomchistorical2014.htm
2015-01-28,https://www.federalreserve.gov/newsevents/pressreleases/monetary20150128a.htm,https://www.federalreserve.gov/monetarypolicy/fomchistorical2015.htm
2015-03-18,https://www.federalreserve.gov/newsevents/pressreleases/monetary20150318a.htm,https://www.federalreserve.gov/monetarypolicy/fomchistorical2015.htm
2015-04-29,https://www.federalreserve.gov/newsevents/pressreleases/monetary20150429a.htm,https://www.federalreserve.gov/monetarypolicy/fomchistorical2015.htm
2015-06-17,https://www.federalreserve.gov/newsevents/pressreleases/monetary20150617a.htm,https://www.federalreserve.gov/monetarypolicy/fomchistorical2015.htm
2015-07-29,https://www.federalreserve.gov/newsevents/pressreleases/monetary20150729a.htm,https://www.federalreserve.gov/monetarypolicy/fomchistorical2015.htm
2015-09-17,https://www.federalreserve.gov/newsevents/pressreleases/monetary20150917a.htm,https://www.federalreserve.gov/monetarypolicy/fomchistorical2015.htm
2015-10-28,https://www.federalreserve.gov/newsevents/pressreleases/monetary20151028a.htm,https://www.federalreserve.gov/monetarypolicy/fomchistorical2015.htm
2015-12-16,https://www.federalreserve.gov/newsevents/pressreleases/monetary20151216a.htm,https://www.federalreserve.gov/monetarypolicy/fomchistorical2015.htm
2016-01-27,https://www.federalreserve.gov/newsevents/pressreleases/monetary20160127a.htm,https://www.federalreserve.gov/monetarypolicy/fomchistorical2016.htm
2016-03-16,https://www.federalreserve.gov/newsevents/pressreleases/monetary20160316a.htm,https://www.federalreserve.gov/monetarypolicy/fomchistorical2016.htm
2016-04-27,https://www.federalreserve.gov/newsevents/pressreleases/monetary20160427a.htm,https://www.federalreserve.gov/monetarypolicy/fomchistorical2016.htm
2016-06-15,https://www.federalreserve.gov/newsevents/pressreleases/monetary20160615a.htm,https://www.federalreserve.gov/monetarypolicy/fomchistorical2016.htm
2016-07-27,https://www.federalreserve.gov/newsevents/pressreleases/monetary20160727a.htm,https://www.federalreserve.gov/monetarypolicy/fomchistorical2016.htm
2016-09-21,https://www.federalreserve.gov/newsevents/pressreleases/monetary20160921a.htm,https://www.federalreserve.gov/monetarypolicy/fomchistorical2016.htm
2016-11-02,https://www.federalreserve.gov/newsevents/pressreleases/monetary20161102a.htm,https://www.federalreserve.gov/monetarypolicy/fomchistorical2016.htm
2016-12-14,https://www.federalreserve.gov/newsevents/pressreleases/monetary20161214a.htm,https://www.federalreserve.gov/monetarypolicy/fomchistorical2016.htm
2017-02-01,https://www.federalreserve.gov/newsevents/pressreleases/monetary20170201a.htm,https://www.federalreserve.gov/monetarypolicy/fomchistorical2017.htm
2017-03-15,https://www.federalreserve.gov/newsevents/pressreleases/monetary20170315a.htm,https://www.federalreserve.gov/monetarypolicy/fomchistorical2017.htm
2017-05-03,https://www.federalreserve.gov/newsevents/pressreleases/monetary20170503a.htm,https://www.federalreserve.gov/monetarypolicy/fomchistorical2017.htm
2017-06-14,https://www.federalreserve.gov/newsevents/pressreleases/monetary20170614a.htm,https://www.federalreserve.gov/monetarypolicy/fomchistorical2017.htm
2017-07-26,https://www.federalreserve.gov/newsevents/pressreleases/monetary20170726a.htm,https://www.federalreserve.gov/monetarypolicy/fomchistorical2017.htm
2017-09-20,https://www.federalreserve.gov/newsevents/pressreleases/monetary20170920a.htm,https://www.federalreserve.gov/monetarypolicy/fomchistorical2017.htm
2017-11-01,https://www.federalreserve.gov/newsevents/pressreleases/monetary20171101a.htm,https://www.federalreserve.gov/monetarypolicy/fomchistorical2017.htm
2017-12-13,https://www.federalreserve.gov/newsevents/pressreleases/monetary20171213a.htm,https://www.federalreserve.gov/monetarypolicy/fomchistorical2017.htm
2018-01-31,https://www.federalreserve.gov/newsevents/pressreleases/monetary20180131a.htm,https://www.federalreserve.gov/monetarypolicy/fomchistorical2018.htm
2018-03-21,https://www.federalreserve.gov/newsevents/pressreleases/monetary20180321a.htm,https://www.federalreserve.gov/monetarypolicy/fomchistorical2018.htm
2018-05-02,https://www.federalreserve.gov/newsevents/pressreleases/monetary20180502a.htm,https://www.federalreserve.gov/monetarypolicy/fomchistorical2018.htm
2018-06-13,https://www.federalreserve.gov/newsevents/pressreleases/monetary20180613a.htm,https://www.federalreserve.gov/monetarypolicy/fomchistorical2018.htm
2018-08-01,https://www.federalreserve.gov/newsevents/pressreleases/monetary20180801a.htm,https://www.federalreserve.gov/monetarypolicy/fomchistorical2018.htm
2018-09-26,https://www.federalreserve.gov/newsevents/pressreleases/monetary20180926a.htm,https://www.federalreserve.gov/monetarypolicy/fomchistorical2018.htm
2018-11-08,https://www.federalreserve.gov/newsevents/pressreleases/monetary20181108a.htm,https://www.federalreserve.gov/monetarypolicy/fomchistorical2018.htm
2018-12-19,https://www.federalreserve.gov/newsevents/pressreleases/monetary20181219a.htm,https://www.federalreserve.gov/monetarypolicy/fomchistorical2018.htm
2019-01-30,https://www.federalreserve.gov/newsevents/pressreleases/monetary20190130a.htm,https://www.federalreserve.gov/monetarypolicy/fomchistorical2019.htm
2019-03-20,https://www.federalreserve.gov/newsevents/pressreleases/monetary20190320a.htm,https://www.federalreserve.gov/monetarypolicy/fomchistorical2019.htm
2019-05-01,https://www.federalreserve.gov/newsevents/pressreleases/monetary20190501a.htm,https://www.federalreserve.gov/monetarypolicy/fomchistorical2019.htm
2019-06-19,https://www.federalreserve.gov/newsevents/pressreleases/monetary20190619a.htm,https://www.federalreserve.gov/monetarypolicy/fomchistorical2019.htm
2019-07-31,https://www.federalreserve.gov/newsevents/pressreleases/monetary20190731a.htm,https://www.federalreserve.gov/monetarypolicy/fomchistorical2019.htm
2019-09-18,https://www.federalreserve.gov/newsevents/pressreleases/monetary20190918a.htm,https://www.federalreserve.gov/monetarypolicy/fomchistorical2019.htm
2019-10-30,https://www.federalreserve.gov/newsevents/pressreleases/monetary20191030a.htm,https://www.federalreserve.gov/monetarypolicy/fomchistorical2019.htm
2019-12-11,https://www.federalreserve.gov/newsevents/pressreleases/monetary20191211a.htm,https://www.federalreserve.gov/monetarypolicy/fomchistorical2019.htm
2020-01-29,https://www.federalreserve.gov/newsevents/pressreleases/monetary20200129a.htm,https://www.federalreserve.gov/monetarypolicy/fomchistorical2020.htm
2020-04-29,https://www.federalreserve.gov/newsevents/pressreleases/monetary20200429a.htm,https://www.federalreserve.gov/monetarypolicy/fomchistorical2020.htm
2020-06-10,https://www.federalreserve.gov/newsevents/pressreleases/monetary20200610a.htm,https://www.federalreserve.gov/monetarypolicy/fomchistorical2020.htm
2020-07-29,https://www.federalreserve.gov/newsevents/pressreleases/monetary20200729a.htm,https://www.federalreserve.gov/monetarypolicy/fomchistorical2020.htm
2020-09-16,https://www.federalreserve.gov/newsevents/pressreleases/monetary20200916a.htm,https://www.federalreserve.gov/monetarypolicy/fomchistorical2020.htm
2020-11-05,https://www.federalreserve.gov/newsevents/pressreleases/monetary20201105a.htm,https://www.federalreserve.gov/monetarypolicy/fomchistorical2020.htm
2020-12-16,https://www.federalreserve.gov/newsevents/pressreleases/monetary20201216a.htm,https://www.federalreserve.gov/monetarypolicy/fomchistorical2020.htm
2021-01-27,https://www.federalreserve.gov/newsevents/pressreleases/monetary20210127a.htm,https://www.federalreserve.gov/monetarypolicy/fomccalendars.htm
2021-03-17,https://www.federalreserve.gov/newsevents/pressreleases/monetary20210317a.htm,https://www.federalreserve.gov/monetarypolicy/fomccalendars.htm
2021-04-28,https://www.federalreserve.gov/newsevents/pressreleases/monetary20210428a.htm,https://www.federalreserve.gov/monetarypolicy/fomccalendars.htm
2021-06-16,https://www.federalreserve.gov/newsevents/pressreleases/monetary20210616a.htm,https://www.federalreserve.gov/monetarypolicy/fomccalendars.htm
2021-07-28,https://www.federalreserve.gov/newsevents/pressreleases/monetary20210728a.htm,https://www.federalreserve.gov/monetarypolicy/fomccalendars.htm
2021-09-22,https://www.federalreserve.gov/newsevents/pressreleases/monetary20210922a.htm,https://www.federalreserve.gov/monetarypolicy/fomccalendars.htm
2021-11-03,https://www.federalreserve.gov/newsevents/pressreleases/monetary20211103a.htm,https://www.federalreserve.gov/monetarypolicy/fomccalendars.htm
2021-12-15,https://www.federalreserve.gov/newsevents/pressreleases/monetary20211215a.htm,https://www.federalreserve.gov/monetarypolicy/fomccalendars.htm
2022-01-26,https://www.federalreserve.gov/newsevents/pressreleases/monetary20220126a.htm,https://www.federalreserve.gov/monetarypolicy/fomccalendars.htm
2022-03-16,https://www.federalreserve.gov/newsevents/pressreleases/monetary20220316a.htm,https://www.federalreserve.gov/monetarypolicy/fomccalendars.htm
2022-05-04,https://www.federalreserve.gov/newsevents/pressreleases/monetary20220504a.htm,https://www.federalreserve.gov/monetarypolicy/fomccalendars.htm
2022-06-15,https://www.federalreserve.gov/newsevents/pressreleases/monetary20220615a.htm,https://www.federalreserve.gov/monetarypolicy/fomccalendars.htm
2022-07-27,https://www.federalreserve.gov/newsevents/pressreleases/monetary20220727a.htm,https://www.federalreserve.gov/monetarypolicy/fomccalendars.htm
2022-09-21,https://www.federalreserve.gov/newsevents/pressreleases/monetary20220921a.htm,https://www.federalreserve.gov/monetarypolicy/fomccalendars.htm
2022-11-02,https://www.federalreserve.gov/newsevents/pressreleases/monetary20221102a.htm,https://www.federalreserve.gov/monetarypolicy/fomccalendars.htm
2022-12-14,https://www.federalreserve.gov/newsevents/pressreleases/monetary20221214a.htm,https://www.federalreserve.gov/monetarypolicy/fomccalendars.htm
2023-02-01,https://www.federalreserve.gov/newsevents/pressreleases/monetary20230201a.htm,https://www.federalreserve.gov/monetarypolicy/fomccalendars.htm
2023-03-22,https://www.federalreserve.gov/newsevents/pressreleases/monetary20230322a.htm,https://www.federalreserve.gov/monetarypolicy/fomccalendars.htm
2023-05-03,https://www.federalreserve.gov/newsevents/pressreleases/monetary20230503a.htm,https://www.federalreserve.gov/monetarypolicy/fomccalendars.htm
2023-06-14,https://www.federalreserve.gov/newsevents/pressreleases/monetary20230614a.htm,https://www.federalreserve.gov/monetarypolicy/fomccalendars.htm
2023-07-26,https://www.federalreserve.gov/newsevents/pressreleases/monetary20230726a.htm,https://www.federalreserve.gov/monetarypolicy/fomccalendars.htm
2023-09-20,https://www.federalreserve.gov/newsevents/pressreleases/monetary20230920a.htm,https://www.federalreserve.gov/monetarypolicy/fomccalendars.htm
2023-11-01,https://www.federalreserve.gov/newsevents/pressreleases/monetary20231101a.htm,https://www.federalreserve.gov/monetarypolicy/fomccalendars.htm
2023-12-13,https://www.federalreserve.gov/newsevents/pressreleases/monetary20231213a.htm,https://www.federalreserve.gov/monetarypolicy/fomccalendars.htm
2024-01-31,https://www.federalreserve.gov/newsevents/pressreleases/monetary20240131a.htm,https://www.federalreserve.gov/monetarypolicy/fomccalendars.htm
2024-03-20,https://www.federalreserve.gov/newsevents/pressreleases/monetary20240320a.htm,https://www.federalreserve.gov/monetarypolicy/fomccalendars.htm
2024-05-01,https://www.federalreserve.gov/newsevents/pressreleases/monetary20240501a.htm,https://www.federalreserve.gov/monetarypolicy/fomccalendars.htm
2024-06-12,https://www.federalreserve.gov/newsevents/pressreleases/monetary20240612a.htm,https://www.federalreserve.gov/monetarypolicy/fomccalendars.htm
2024-07-31,https://www.federalreserve.gov/newsevents/pressreleases/monetary20240731a.htm,https://www.federalreserve.gov/monetarypolicy/fomccalendars.htm
2024-09-18,https://www.federalreserve.gov/newsevents/pressreleases/monetary20240918a.htm,https://www.federalreserve.gov/monetarypolicy/fomccalendars.htm
2024-11-07,https://www.federalreserve.gov/newsevents/pressreleases/monetary20241107a.htm,https://www.federalreserve.gov/monetarypolicy/fomccalendars.htm
2024-12-18,https://www.federalreserve.gov/newsevents/pressreleases/monetary20241218a.htm,https://www.federalreserve.gov/monetarypolicy/fomccalendars.htm
2025-01-29,https://www.federalreserve.gov/newsevents/pressreleases/monetary20250129a.htm,https://www.federalreserve.gov/monetarypolicy/fomccalendars.htm
2025-03-19,https://www.federalreserve.gov/newsevents/pressreleases/monetary20250319a.htm,https://www.federalreserve.gov/monetarypolicy/fomccalendars.htm
2025-05-07,https://www.federalreserve.gov/newsevents/pressreleases/monetary20250507a.htm,https://www.federalreserve.gov/monetarypolicy/fomccalendars.htm
2025-06-18,https://www.federalreserve.gov/newsevents/pressreleases/monetary20250618a.htm,https://www.federalreserve.gov/monetarypolicy/fomccalendars.htm
2025-07-30,https://www.federalreserve.gov/newsevents/pressreleases/monetary20250730a.htm,https://www.federalreserve.gov/monetarypolicy/fomccalendars.htm
2025-09-17,https://www.federalreserve.gov/newsevents/pressreleases/monetary20250917a.htm,https://www.federalreserve.gov/monetarypolicy/fomccalendars.htm
2025-10-29,https://www.federalreserve.gov/newsevents/pressreleases/monetary20251029a.htm,https://www.federalreserve.gov/monetarypolicy/fomccalendars.htm
2025-12-10,https://www.federalreserve.gov/newsevents/pressreleases/monetary20251210a.htm,https://www.federalreserve.gov/monetarypolicy/fomccalendars.htm
2026-01-28,https://www.federalreserve.gov/newsevents/pressreleases/monetary20260128a.htm,https://www.federalreserve.gov/monetarypolicy/fomccalendars.htm
2026-03-18,https://www.federalreserve.gov/newsevents/pressreleases/monetary20260318a.htm,https://www.federalreserve.gov/monetarypolicy/fomccalendars.htm
2026-04-29,https://www.federalreserve.gov/newsevents/pressreleases/monetary20260429a.htm,https://www.federalreserve.gov/monetarypolicy/fomccalendars.htm
2026-06-17,https://www.federalreserve.gov/newsevents/pressreleases/monetary20260617a.htm,https://www.federalreserve.gov/monetarypolicy/fomccalendars.htm
2026-07-29,https://www.federalreserve.gov/newsevents/pressreleases/monetary20260729a.htm,https://www.federalreserve.gov/monetarypolicy/fomccalendars.htm
2026-09-16,https://www.federalreserve.gov/newsevents/pressreleases/monetary20260916a.htm,https://www.federalreserve.gov/monetarypolicy/fomccalendars.htm
