date,fomc,cpi,jobs,overlap,source_urls
1999-01-08,False,False,True,False,https://www.bls.gov/schedule/1999/home.htm
1999-01-14,False,True,False,False,https://www.bls.gov/schedule/1999/home.htm
1999-02-05,False,False,True,False,https://www.bls.gov/schedule/1999/home.htm
1999-02-19,False,True,False,False,https://www.bls.gov/schedule/1999/home.htm
1999-03-05,False,False,True,False,https://www.bls.gov/schedule/1999/home.htm
1999-03-18,False,True,False,False,https://www.bls.gov/schedule/1999/home.htm
1999-04-02,False,False,True,False,https://www.bls.gov/schedule/1999/home.htm
1999-04-13,False,True,False,False,https://www.bls.gov/schedule/1999/home.htm
1999-05-07,False,False,True,False,https://www.bls.gov/schedule/1999/home.htm
1999-05-14,False,True,False,False,https://www.bls.gov/schedule/1999/home.htm
1999-05-18,True,False,False,False,https://www.federalreserve.gov/boarddocs/press/general/1999/19990518/
1999-06-04,False,False,True,False,https://www.bls.gov/schedule/1999/home.htm
1999-06-16,False,True,False,False,https://www.bls.gov/schedule/1999/home.htm
1999-06-30,True,False,False,False,https://www.federalreserve.gov/boarddocs/press/general/1999/19990630/
1999-07-02,False,False,True,False,https://www.bls.gov/schedule/1999/home.htm
1999-07-15,False,True,False,False,https://www.bls.gov/schedule/1999/home.htm
1999-08-06,False,False,True,False,https://www.bls.gov/schedule/1999/home.htm
1999-08-17,False,True,False,False,https://www.bls.gov/schedule/1999/home.htm
1999-08-24,True,False,False,False,https://www.federalreserve.gov/boarddocs/press/general/1999/19990824/
1999-09-03,False,False,True,False,https://www.bls.gov/schedule/1999/home.htm
1999-09-15,False,True,False,False,https://www.bls.gov/schedule/1999/home.htm
1999-10-05,True,False,False,False,https://www.federalreserve.gov/boarddocs/press/general/1999/19991005/
1999-10-08,False,False,True,False,https://www.bls.gov/schedule/1999/home.htm
1999-10-19,False,True,False,False,https://www.bls.gov/schedule/1999/home.htm
1999-11-05,False,False,True,False,https://www.bls.gov/schedule/1999/home.htm
1999-11-16,True,False,False,False,https://www.federalreserve.gov/boarddocs/press/general/1999/19991116/
1999-11-17,False,True,False,False,https://www.bls.gov/schedule/1999/home.htm
1999-12-03,False,False,True,False,https://www.bls.gov/schedule/1999/home.htm
1999-12-14,False,True,False,False,https://www.bls.gov/schedule/1999/home.htm
1999-12-21,True,False,False,False,https://www.federalreserve.gov/boarddocs/press/general/1999/19991221/
2000-01-07,False,False,True,False,https://www.bls.gov/schedule/1999/home.htm
2000-01-14,False,True,False,False,https://www.bls.gov/schedule/1999/home.htm
2000-02-02,True,False,False,False,https://www.federalreserve.gov/boarddocs/press/general/2000/20000202/
2000-02-04,False,False,True,False,https://www.bls.gov/schedule/2000/home.htm
2000-02-18,False,True,False,False,https://www.bls.gov/schedule/2000/home.htm
2000-03-03,False,False,True,False,https://www.bls.gov/schedule/2000/home.htm
2000-03-17,False,True,False,False,https://www.bls.gov/schedule/2000/home.htm
2000-03-21,True,False,False,False,https://www.federalreserve.gov/boarddocs/press/general/2000/20000321/
2000-04-07,False,False,True,False,https://www.bls.gov/schedule/2000/home.htm
2000-04-14,False,True,False,False,https://www.bls.gov/schedule/2000/home.htm
2000-05-05,False,False,True,False,https://www.bls.gov/schedule/2000/home.htm
2000-05-16,True,True,False,True,https://www.bls.gov/schedule/2000/home.htm | https://www.federalreserve.gov/boarddocs/press/general/2000/20000516/
2000-06-02,False,False,True,False,https://www.bls.gov/schedule/2000/home.htm
2000-06-14,False,True,False,False,https://www.bls.gov/schedule/2000/home.htm
2000-06-28,True,False,False,False,https://www.federalreserve.gov/boarddocs/press/general/2000/20000628/
2000-07-07,False,False,True,False,https://www.bls.gov/schedule/2000/home.htm
2000-07-18,False,True,False,False,https://www.bls.gov/schedule/2000/home.htm
2000-08-04,False,False,True,False,https://www.bls.gov/schedule/2000/home.htm
2000-08-16,False,True,False,False,https://www.bls.gov/schedule/2000/home.htm
2000-08-22,True,False,False,False,https://www.federalreserve.gov/boarddocs/press/general/2000/20000822/
2000-09-01,False,False,True,False,https://www.bls.gov/schedule/2000/home.htm
2000-09-15,False,True,False,False,https://www.bls.gov/schedule/2000/home.htm
2000-10-03,True,False,False,False,https://www.federalreserve.gov/boarddocs/press/general/2000/20001003/
2000-10-06,False,False,True,False,https://www.bls.gov/schedule/2000/home.htm
2000-10-18,False,True,False,False,https://www.bls.gov/schedule/2000/home.htm
2000-11-03,False,False,True,False,https://www.bls.gov/schedule/2000/home.htm
2000-11-15,True,False,False,False,https://www.federalreserve.gov/boarddocs/press/general/2000/20001115/
2000-11-16,False,True,False,False,https://www.bls.gov/schedule/2000/home.htm
2000-12-08,False,False,True,False,https://www.bls.gov/schedule/2000/home.htm
2000-12-15,False,True,False,False,https://www.bls.gov/schedule/2000/home.htm
2000-12-19,True,False,False,False,https://www.federalreserve.gov/boarddocs/press/general/2000/20001219/
2001-01-05,False,False,True,False,https://www.bls.gov/schedule/2000/home.htm
2001-01-17,False,True,False,False,https://www.bls.gov/schedule/2000/home.htm
2001-01-31,True,False,False,False,https://www.federalreserve.gov/boarddocs/press/general/2001/20010131/
2001-02-02,False,False,True,False,https://www.bls.gov/schedule/2001/home.htm
2001-02-21,False,True,False,False,https://www.bls.gov/schedule/2001/home.htm
2001-03-09,False,False,True,False,https://www.bls.gov/schedule/2001/home.htm
2001-03-20,True,False,False,False,https://www.federalreserve.gov/boarddocs/press/general/2001/20010320/
2001-03-21,False,True,False,False,https://www.bls.gov/schedule/2001/home.htm
2001-04-06,False,False,True,False,https://www.bls.gov/schedule/2001/home.htm
2001-04-17,False,True,False,False,https://www.bls.gov/schedule/2001/home.htm
2001-05-04,False,False,True,False,https://www.bls.gov/schedule/2001/home.htm
2001-05-15,True,False,False,False,https://www.federalreserve.gov/boarddocs/press/general/2001/20010515/
2001-05-16,False,True,False,False,https://www.bls.gov/schedule/2001/home.htm
2001-06-01,False,False,True,False,https://www.bls.gov/schedule/2001/home.htm
2001-06-15,False,True,False,False,https://www.bls.gov/schedule/2001/home.htm
2001-06-27,True,False,False,False,https://www.federalreserve.gov/boarddocs/press/general/2001/20010627/
2001-07-06,False,False,True,False,https://www.bls.gov/schedule/2001/home.htm
2001-07-18,False,True,False,False,https://www.bls.gov/schedule/2001/home.htm
2001-08-03,False,False,True,False,https://www.bls.gov/schedule/2001/home.htm
2001-08-16,False,True,False,False,https://www.bls.gov/schedule/2001/home.htm
2001-08-21,True,False,False,False,https://www.federalreserve.gov/boarddocs/press/general/2001/20010821/
2001-09-07,False,False,True,False,https://www.bls.gov/schedule/2001/home.htm
2001-09-18,False,True,False,False,https://www.bls.gov/schedule/2001/home.htm
2001-10-02,True,False,False,False,https://www.federalreserve.gov/boarddocs/press/general/2001/20011002/
2001-10-05,False,False,True,False,https://www.bls.gov/schedule/2001/home.htm
2001-10-19,False,True,False,False,https://www.bls.gov/schedule/2001/home.htm
2001-11-02,False,False,True,False,https://www.bls.gov/schedule/2001/home.htm
2001-11-06,True,False,False,False,https://www.federalreserve.gov/boarddocs/press/general/2001/20011106/
2001-11-16,False,True,False,False,https://www.bls.gov/schedule/2001/home.htm
2001-12-07,False,False,True,False,https://www.bls.gov/schedule/2001/home.htm
2001-12-11,True,False,False,False,https://www.federalreserve.gov/boarddocs/press/general/2001/20011211/
2001-12-14,False,True,False,False,https://www.bls.gov/schedule/2001/home.htm
2002-01-04,False,False,True,False,https://www.bls.gov/schedule/2001/home.htm
2002-01-16,False,True,False,False,https://www.bls.gov/schedule/2001/home.htm
2002-01-30,True,False,False,False,https://www.federalreserve.gov/boarddocs/press/general/2002/20020130/
2002-02-01,False,False,True,False,https://www.bls.gov/schedule/2002/home.htm
2002-02-20,False,True,False,False,https://www.bls.gov/schedule/2002/home.htm
2002-03-08,False,False,True,False,https://www.bls.gov/schedule/2002/home.htm
2002-03-19,True,False,False,False,https://www.federalreserve.gov/boarddocs/press/general/2002/20020319/
2002-03-21,False,True,False,False,https://www.bls.gov/schedule/2002/home.htm
2002-04-05,False,False,True,False,https://www.bls.gov/schedule/2002/home.htm
2002-04-16,False,True,False,False,https://www.bls.gov/schedule/2002/home.htm
2002-05-03,False,False,True,False,https://www.bls.gov/schedule/2002/home.htm
2002-05-07,True,False,False,False,https://www.federalreserve.gov/boarddocs/press/monetary/2002/20020507/
2002-05-15,False,True,False,False,https://www.bls.gov/schedule/2002/home.htm
2002-06-07,False,False,True,False,https://www.bls.gov/schedule/2002/home.htm
2002-06-18,False,True,False,False,https://www.bls.gov/schedule/2002/home.htm
2002-06-26,True,False,False,False,https://www.federalreserve.gov/boarddocs/press/monetary/2002/20020626/
2002-07-05,False,False,True,False,https://www.bls.gov/schedule/2002/home.htm
2002-07-19,False,True,False,False,https://www.bls.gov/schedule/2002/home.htm
2002-08-02,False,False,True,False,https://www.bls.gov/schedule/2002/home.htm
2002-08-13,True,False,False,False,https://www.federalreserve.gov/boarddocs/press/monetary/2002/20020813/
2002-08-16,False,True,False,False,https://www.bls.gov/schedule/2002/home.htm
2002-09-06,False,False,True,False,https://www.bls.gov/schedule/2002/home.htm
2002-09-18,False,True,False,False,https://www.bls.gov/schedule/2002/home.htm
2002-09-24,True,False,False,False,https://www.federalreserve.gov/boarddocs/press/monetary/2002/20020924/
2002-10-04,False,False,True,False,https://www.bls.gov/schedule/2002/home.htm
2002-10-18,False,True,False,False,https://www.bls.gov/schedule/2002/home.htm
2002-11-01,False,False,True,False,https://www.bls.gov/schedule/2002/home.htm
2002-11-06,True,False,False,False,https://www.federalreserve.gov/boarddocs/press/monetary/2002/20021106/
2002-11-19,False,True,False,False,https://www.bls.gov/schedule/2002/home.htm
2002-12-06,False,False,True,False,https://www.bls.gov/schedule/2002/home.htm
2002-12-10,True,False,False,False,https://www.federalreserve.gov/boarddocs/press/monetary/2002/20021210/
2002-12-17,False,True,False,False,https://www.bls.gov/schedule/2002/home.htm
2003-01-10,False,False,True,False,https://www.bls.gov/schedule/2002/home.htm
2003-01-16,False,True,False,False,https://www.bls.gov/schedule/2002/home.htm
2003-01-29,True,False,False,False,https://www.federalreserve.gov/boarddocs/press/monetary/2003/20030129/default.htm
2003-02-07,False,False,True,False,https://www.bls.gov/schedule/2003/home.htm
2003-02-21,False,True,False,False,https://www.bls.gov/schedule/2003/home.htm
2003-03-07,False,False,True,False,https://www.bls.gov/schedule/2003/home.htm
2003-03-18,True,False,False,False,https://www.federalreserve.gov/boarddocs/press/monetary/2003/20030318/default.htm
2003-03-21,False,True,False,False,https://www.bls.gov/schedule/2003/home.htm
2003-04-04,False,False,True,False,https://www.bls.gov/schedule/2003/home.htm
2003-04-16,False,True,False,False,https://www.bls.gov/schedule/2003/home.htm
2003-05-02,False,False,True,False,https://www.bls.gov/schedule/2003/home.htm
2003-05-06,True,False,False,False,https://www.federalreserve.gov/boarddocs/press/monetary/2003/20030506/default.htm
2003-05-16,False,True,False,False,https://www.bls.gov/schedule/2003/home.htm
2003-06-06,False,False,True,False,https://www.bls.gov/schedule/2003/home.htm
2003-06-17,False,True,False,False,https://www.bls.gov/schedule/2003/home.htm
2003-06-25,True,False,False,False,https://www.federalreserve.gov/boarddocs/press/monetary/2003/20030625/default.htm
2003-07-03,False,False,True,False,https://www.bls.gov/schedule/2003/home.htm
2003-07-16,False,True,False,False,https://www.bls.gov/schedule/2003/home.htm
2003-08-01,False,False,True,False,https://www.bls.gov/schedule/2003/home.htm
2003-08-12,True,False,False,False,https://www.federalreserve.gov/boarddocs/press/monetary/2003/20030812/default.htm
2003-08-15,False,True,False,False,https://www.bls.gov/schedule/2003/home.htm
2003-09-05,False,False,True,False,https://www.bls.gov/schedule/2003/home.htm
2003-09-16,True,True,False,True,https://www.bls.gov/schedule/2003/home.htm | https://www.federalreserve.gov/boarddocs/press/monetary/2003/20030916/default.htm
2003-10-03,False,False,True,False,https://www.bls.gov/schedule/2003/home.htm
2003-10-16,False,True,False,False,https://www.bls.gov/schedule/2003/home.htm
2003-10-28,True,False,False,False,https://www.federalreserve.gov/boarddocs/press/monetary/2003/20031028/default.htm
2003-11-07,False,False,True,False,https://www.bls.gov/schedule/2003/home.htm
2003-11-18,False,True,False,False,https://www.bls.gov/schedule/2003/home.htm
2003-12-05,False,False,True,False,https://www.bls.gov/schedule/2003/home.htm
2003-12-09,True,False,False,False,https://www.federalreserve.gov/boarddocs/press/monetary/2003/20031209/default.htm
2003-12-16,False,True,False,False,https://www.bls.gov/schedule/2003/home.htm
2004-01-09,False,False,True,False,https://www.bls.gov/schedule/2003/home.htm
2004-01-15,False,True,False,False,https://www.bls.gov/schedule/2003/home.htm
2004-01-28,True,False,False,False,https://www.federalreserve.gov/boarddocs/press/monetary/2004/20040128/default.htm
2004-02-06,False,False,True,False,https://www.bls.gov/schedule/2004/home.htm
2004-02-20,False,True,False,False,https://www.bls.gov/schedule/2004/home.htm
2004-03-05,False,False,True,False,https://www.bls.gov/schedule/2004/home.htm
2004-03-16,True,False,False,False,https://www.federalreserve.gov/boarddocs/press/monetary/2004/20040316/default.htm
2004-03-17,False,True,False,False,https://www.bls.gov/schedule/2004/home.htm
2004-04-02,False,False,True,False,https://www.bls.gov/schedule/2004/home.htm
2004-04-14,False,True,False,False,https://www.bls.gov/schedule/2004/home.htm
2004-05-04,True,False,False,False,https://www.federalreserve.gov/boarddocs/press/monetary/2004/20040504/default.htm
2004-05-07,False,False,True,False,https://www.bls.gov/schedule/2004/home.htm
2004-05-14,False,True,False,False,https://www.bls.gov/schedule/2004/home.htm
2004-06-04,False,False,True,False,https://www.bls.gov/schedule/2004/home.htm
2004-06-15,False,True,False,False,https://www.bls.gov/schedule/2004/home.htm
2004-06-30,True,False,False,False,https://www.federalreserve.gov/boarddocs/press/monetary/2004/20040630/default.htm
2004-07-02,False,False,True,False,https://www.bls.gov/schedule/2004/home.htm
2004-07-16,False,True,False,False,https://www.bls.gov/schedule/2004/home.htm
2004-08-06,False,False,True,False,https://www.bls.gov/schedule/2004/home.htm
2004-08-10,True,False,False,False,https://www.federalreserve.gov/boarddocs/press/monetary/2004/20040810/default.htm
2004-08-17,False,True,False,False,https://www.bls.gov/schedule/2004/home.htm
2004-09-03,False,False,True,False,https://www.bls.gov/schedule/2004/home.htm
2004-09-16,False,True,False,False,https://www.bls.gov/schedule/2004/home.htm
2004-09-21,True,False,False,False,https://www.federalreserve.gov/boarddocs/press/monetary/2004/20040921/default.htm
2004-10-08,False,False,True,False,https://www.bls.gov/schedule/2004/home.htm
2004-10-19,False,True,False,False,https://www.bls.gov/schedule/2004/home.htm
2004-11-05,False,False,True,False,https://www.bls.gov/schedule/2004/home.htm
2004-11-10,True,False,False,False,https://www.federalreserve.gov/boarddocs/press/monetary/2004/20041110/default.htm
2004-11-17,False,True,False,False,https://www.bls.gov/schedule/2004/home.htm
2004-12-03,False,False,True,False,https://www.bls.gov/schedule/2004/home.htm
2004-12-14,True,False,False,False,https://www.federalreserve.gov/boarddocs/press/monetary/2004/20041214/default.htm
2004-12-17,False,True,False,False,https://www.bls.gov/schedule/2004/home.htm
2005-01-07,False,False,True,False,https://www.bls.gov/schedule/2004/home.htm
2005-01-19,False,True,False,False,https://www.bls.gov/schedule/2004/home.htm
2005-02-02,True,False,False,False,https://www.federalreserve.gov/boarddocs/press/monetary/2005/20050202/default.htm
2005-02-04,False,False,True,False,https://www.bls.gov/schedule/2005/home.htm
2005-02-23,False,True,False,False,https://www.bls.gov/schedule/2005/home.htm
2005-03-04,False,False,True,False,https://www.bls.gov/schedule/2005/home.htm
2005-03-22,True,False,False,False,https://www.federalreserve.gov/boarddocs/press/monetary/2005/20050322/default.htm
2005-03-23,False,True,False,False,https://www.bls.gov/schedule/2005/home.htm
2005-04-01,False,False,True,False,https://www.bls.gov/schedule/2005/home.htm
2005-04-20,False,True,False,False,https://www.bls.gov/schedule/2005/home.htm
2005-05-03,True,False,False,False,https://www.federalreserve.gov/boarddocs/press/monetary/2005/20050503/default.htm
2005-05-06,False,False,True,False,https://www.bls.gov/schedule/2005/home.htm
2005-05-18,False,True,False,False,https://www.bls.gov/schedule/2005/home.htm
2005-06-03,False,False,True,False,https://www.bls.gov/schedule/2005/home.htm
2005-06-15,False,True,False,False,https://www.bls.gov/schedule/2005/home.htm
2005-06-30,True,False,False,False,https://www.federalreserve.gov/boarddocs/press/monetary/2005/20050630/default.htm
2005-07-08,False,False,True,False,https://www.bls.gov/schedule/2005/home.htm
2005-07-14,False,True,False,False,https://www.bls.gov/schedule/2005/home.htm
2005-08-05,False,False,True,False,https://www.bls.gov/schedule/2005/home.htm
2005-08-09,True,False,False,False,https://www.federalreserve.gov/boarddocs/press/monetary/2005/20050809/default.htm
2005-08-16,False,True,False,False,https://www.bls.gov/schedule/2005/home.htm
2005-09-02,False,False,True,False,https://www.bls.gov/schedule/2005/home.htm
2005-09-15,False,True,False,False,https://www.bls.gov/schedule/2005/home.htm
2005-09-20,True,False,False,False,https://www.federalreserve.gov/boarddocs/press/monetary/2005/20050920/
2005-10-07,False,False,True,False,https://www.bls.gov/schedule/2005/home.htm
2005-10-14,False,True,False,False,https://www.bls.gov/schedule/2005/home.htm
2005-11-01,True,False,False,False,https://www.federalreserve.gov/boarddocs/press/monetary/2005/20051101/
2005-11-04,False,False,True,False,https://www.bls.gov/schedule/2005/home.htm
2005-11-16,False,True,False,False,https://www.bls.gov/schedule/2005/home.htm
2005-12-02,False,False,True,False,https://www.bls.gov/schedule/2005/home.htm
2005-12-13,True,False,False,False,https://www.federalreserve.gov/boarddocs/press/monetary/2005/20051213/
2005-12-15,False,True,False,False,https://www.bls.gov/schedule/2005/home.htm
2006-01-06,False,False,True,False,https://www.bls.gov/schedule/2005/home.htm
2006-01-18,False,True,False,False,https://www.bls.gov/schedule/2005/home.htm
2006-01-31,True,False,False,False,https://www.federalreserve.gov/newsevents/press/monetary/20060131a.htm
2006-02-03,False,False,True,False,https://www.bls.gov/schedule/2006/home.htm
2006-02-22,False,True,False,False,https://www.bls.gov/schedule/2006/home.htm
2006-03-10,False,False,True,False,https://www.bls.gov/schedule/2006/home.htm
2006-03-16,False,True,False,False,https://www.bls.gov/schedule/2006/home.htm
2006-03-28,True,False,False,False,https://www.federalreserve.gov/newsevents/press/monetary/20060328a.htm
2006-04-07,False,False,True,False,https://www.bls.gov/schedule/2006/home.htm
2006-04-19,False,True,False,False,https://www.bls.gov/schedule/2006/home.htm
2006-05-05,False,False,True,False,https://www.bls.gov/schedule/2006/home.htm
2006-05-10,True,False,False,False,https://www.federalreserve.gov/newsevents/press/monetary/20060510a.htm
2006-05-17,False,True,False,False,https://www.bls.gov/schedule/2006/home.htm
2006-06-02,False,False,True,False,https://www.bls.gov/schedule/2006/home.htm
2006-06-14,False,True,False,False,https://www.bls.gov/schedule/2006/home.htm
2006-06-29,True,False,False,False,https://www.federalreserve.gov/newsevents/press/monetary/20060629a.htm
2006-07-07,False,False,True,False,https://www.bls.gov/schedule/2006/home.htm
2006-07-19,False,True,False,False,https://www.bls.gov/schedule/2006/home.htm
2006-08-04,False,False,True,False,https://www.bls.gov/schedule/2006/home.htm
2006-08-08,True,False,False,False,https://www.federalreserve.gov/newsevents/press/monetary/20060808a.htm
2006-08-16,False,True,False,False,https://www.bls.gov/schedule/2006/home.htm
2006-09-01,False,False,True,False,https://www.bls.gov/schedule/2006/home.htm
2006-09-15,False,True,False,False,https://www.bls.gov/schedule/2006/home.htm
2006-09-20,True,False,False,False,https://www.federalreserve.gov/newsevents/press/monetary/20060920a.htm
2006-10-06,False,False,True,False,https://www.bls.gov/schedule/2006/home.htm
2006-10-18,False,True,False,False,https://www.bls.gov/schedule/2006/home.htm
2006-10-25,True,False,False,False,https://www.federalreserve.gov/newsevents/press/monetary/20061025a.htm
2006-11-03,False,False,True,False,https://www.bls.gov/schedule/2006/home.htm
2006-11-16,False,True,False,False,https://www.bls.gov/schedule/2006/home.htm
2006-12-08,False,False,True,False,https://www.bls.gov/schedule/2006/home.htm
2006-12-12,True,False,False,False,https://www.federalreserve.gov/newsevents/press/monetary/20061212a.htm
2006-12-15,False,True,False,False,https://www.bls.gov/schedule/2006/home.htm
2007-01-05,False,False,True,False,https://www.bls.gov/schedule/2006/home.htm
2007-01-18,False,True,False,False,https://www.bls.gov/schedule/2006/home.htm
2007-01-31,True,False,False,False,https://www.federalreserve.gov/newsevents/press/monetary/20070131a.htm
2007-02-02,False,False,True,False,https://www.bls.gov/schedule/2007/home.htm
2007-02-21,False,True,False,False,https://www.bls.gov/schedule/2007/home.htm
2007-03-09,False,False,True,False,https://www.bls.gov/schedule/2007/home.htm
2007-03-16,False,True,False,False,https://www.bls.gov/schedule/2007/home.htm
2007-03-21,True,False,False,False,https://www.federalreserve.gov/newsevents/press/monetary/20070321a.htm
2007-04-06,False,False,True,False,https://www.bls.gov/schedule/2007/home.htm
2007-04-17,False,True,False,False,https://www.bls.gov/schedule/2007/home.htm
2007-05-04,False,False,True,False,https://www.bls.gov/schedule/2007/home.htm
2007-05-09,True,False,False,False,https://www.federalreserve.gov/newsevents/press/monetary/20070509a.htm
2007-05-15,False,True,False,False,https://www.bls.gov/schedule/2007/home.htm
2007-06-01,False,False,True,False,https://www.bls.gov/schedule/2007/home.htm
2007-06-15,False,True,False,False,https://www.bls.gov/schedule/2007/home.htm
2007-06-18,True,False,False,False,https://www.federalreserve.gov/newsevents/press/monetary/20070618a.htm
2007-07-06,False,False,True,False,https://www.bls.gov/schedule/2007/home.htm
2007-07-18,False,True,False,False,https://www.bls.gov/schedule/2007/home.htm
2007-08-03,False,False,True,False,https://www.bls.gov/schedule/2007/home.htm
2007-08-07,True,False,False,False,https://www.federalreserve.gov/newsevents/press/monetary/20070807a.htm
2007-08-15,False,True,False,False,https://www.bls.gov/schedule/2007/home.htm
2007-09-07,False,False,True,False,https://www.bls.gov/schedule/2007/home.htm
2007-09-18,True,False,False,False,https://www.federalreserve.gov/newsevents/press/monetary/20070918a.htm
2007-09-19,False,True,False,False,https://www.bls.gov/schedule/2007/home.htm
2007-10-05,False,False,True,False,https://www.bls.gov/schedule/2007/home.htm
2007-10-17,False,True,False,False,https://www.bls.gov/schedule/2007/home.htm
2007-10-31,True,False,False,False,https://www.federalreserve.gov/newsevents/press/monetary/20071031a.htm
2007-11-02,False,False,True,False,https://www.bls.gov/schedule/2007/home.htm
2007-11-15,False,True,False,False,https://www.bls.gov/schedule/2007/home.htm
2007-12-07,False,False,True,False,https://www.bls.gov/schedule/2007/home.htm
2007-12-11,True,False,False,False,https://www.federalreserve.gov/newsevents/press/monetary/20071211a.htm
2007-12-14,False,True,False,False,https://www.bls.gov/schedule/2007/home.htm
2008-01-04,False,False,True,False,https://www.bls.gov/schedule/2007/home.htm
2008-01-16,False,True,False,False,https://www.bls.gov/schedule/2007/home.htm
2008-01-30,True,False,False,False,https://www.federalreserve.gov/newsevents/press/monetary/20080130a.htm
2008-02-01,False,False,True,False,https://www.bls.gov/schedule/2008/home.htm
2008-02-20,False,True,False,False,https://www.bls.gov/schedule/2008/home.htm
2008-03-07,False,False,True,False,https://www.bls.gov/schedule/2008/home.htm
2008-03-14,False,True,False,False,https://www.bls.gov/schedule/2008/home.htm
2008-03-18,True,False,False,False,https://www.federalreserve.gov/newsevents/press/monetary/20080318a.htm
2008-04-04,False,False,True,False,https://www.bls.gov/schedule/2008/home.htm
2008-04-16,False,True,False,False,https://www.bls.gov/schedule/2008/home.htm
2008-04-30,True,False,False,False,https://www.federalreserve.gov/newsevents/press/monetary/20080430a.htm
2008-05-02,False,False,True,False,https://www.bls.gov/schedule/2008/home.htm
2008-05-14,False,True,False,False,https://www.bls.gov/schedule/2008/home.htm
2008-06-06,False,False,True,False,https://www.bls.gov/schedule/2008/home.htm
2008-06-13,False,True,False,False,https://www.bls.gov/schedule/2008/home.htm
2008-06-25,True,False,False,False,https://www.federalreserve.gov/newsevents/press/monetary/20080625a.htm
2008-07-03,False,False,True,False,https://www.bls.gov/schedule/2008/home.htm
2008-07-16,False,True,False,False,https://www.bls.gov/schedule/2008/home.htm
2008-08-01,False,False,True,False,https://www.bls.gov/schedule/2008/home.htm
2008-08-05,True,False,False,False,https://www.federalreserve.gov/newsevents/press/monetary/20080805a.htm
2008-08-14,False,True,False,False,https://www.bls.gov/schedule/2008/home.htm
2008-09-05,False,False,True,False,https://www.bls.gov/schedule/2008/home.htm
2008-09-16,True,True,False,True,https://www.bls.gov/schedule/2008/home.htm | https://www.federalreserve.gov/newsevents/press/monetary/20080916a.htm
2008-10-03,False,False,True,False,https://www.bls.gov/schedule/2008/home.htm
2008-10-16,False,True,False,False,https://www.bls.gov/schedule/2008/home.htm
2008-10-29,True,False,False,False,https://www.federalreserve.gov/newsevents/press/monetary/20081029a.htm
2008-11-07,False,False,True,False,https://www.bls.gov/schedule/2008/home.htm
2008-11-19,False,True,False,False,https://www.bls.gov/schedule/2008/home.htm
2008-12-05,False,False,True,False,https://www.bls.gov/schedule/2008/home.htm
2008-12-16,True,True,False,True,https://www.bls.gov/schedule/2008/home.htm | https://www.federalreserve.gov/newsevents/press/monetary/20081216b.htm
2009-01-09,False,False,True,False,https://www.bls.gov/schedule/2009/home.htm
2009-01-16,False,True,False,False,https://www.bls.gov/schedule/2009/home.htm
2009-01-28,True,False,False,False,https://www.federalreserve.gov/newsevents/press/monetary/20090128a.htm
2009-02-06,False,False,True,False,https://www.bls.gov/schedule/2009/home.htm
2009-02-20,False,True,False,False,https://www.bls.gov/schedule/2009/home.htm
2009-03-06,False,False,True,False,https://www.bls.gov/schedule/2009/home.htm
2009-03-18,True,True,False,True,https://www.bls.gov/schedule/2009/home.htm | https://www.federalreserve.gov/newsevents/press/monetary/20090318a.htm
2009-04-03,False,False,True,False,https://www.bls.gov/schedule/2009/home.htm
2009-04-15,False,True,False,False,https://www.bls.gov/schedule/2009/home.htm
2009-04-29,True,False,False,False,https://www.federalreserve.gov/newsevents/press/monetary/20090429a.htm
2009-05-08,False,False,True,False,https://www.bls.gov/schedule/2009/home.htm
2009-05-15,False,True,False,False,https://www.bls.gov/schedule/2009/home.htm
2009-06-05,False,False,True,False,https://www.bls.gov/schedule/2009/home.htm
2009-06-17,False,True,False,False,https://www.bls.gov/schedule/2009/home.htm
2009-06-24,True,False,False,False,https://www.federalreserve.gov/newsevents/press/monetary/20090624a.htm
2009-07-02,False,False,True,False,https://www.bls.gov/schedule/2009/home.htm
2009-07-15,False,True,False,False,https://www.bls.gov/schedule/2009/home.htm
2009-08-07,False,False,True,False,https://www.bls.gov/schedule/2009/home.htm
2009-08-12,True,False,False,False,https://www.federalreserve.gov/newsevents/press/monetary/20090812a.htm
2009-08-14,False,True,False,False,https://www.bls.gov/schedule/2009/home.htm
2009-09-04,False,False,True,False,https://www.bls.gov/schedule/2009/home.htm
2009-09-16,False,True,False,False,https://www.bls.gov/schedule/2009/home.htm
2009-09-23,True,False,False,False,https://www.federalreserve.gov/newsevents/press/monetary/20090923a.htm
2009-10-02,False,False,True,False,https://www.bls.gov/schedule/2009/home.htm
2009-10-15,False,True,False,False,https://www.bls.gov/schedule/2009/home.htm
2009-11-04,True,False,False,False,https://www.federalreserve.gov/newsevents/press/monetary/20091104a.htm
2009-11-06,False,False,True,False,https://www.bls.gov/schedule/2009/home.htm
2009-11-18,False,True,False,False,https://www.bls.gov/schedule/2009/home.htm
2009-12-04,False,False,True,False,https://www.bls.gov/schedule/2009/home.htm
2009-12-16,True,True,False,True,https://www.bls.gov/schedule/2009/home.htm | https://www.federalreserve.gov/newsevents/press/monetary/20091216a.htm
2010-01-08,False,False,True,False,https://www.bls.gov/schedule/2010/home.htm
2010-01-15,False,True,False,False,https://www.bls.gov/schedule/2010/home.htm
2010-01-27,True,False,False,False,https://www.federalreserve.gov/newsevents/press/monetary/20100127a.htm
2010-02-05,False,False,True,False,https://www.bls.gov/schedule/2010/home.htm
2010-02-19,False,True,False,False,https://www.bls.gov/schedule/2010/home.htm
2010-03-05,False,False,True,False,https://www.bls.gov/schedule/2010/home.htm
2010-03-16,True,False,False,False,https://www.federalreserve.gov/newsevents/press/monetary/20100316a.htm
2010-03-18,False,True,False,False,https://www.bls.gov/schedule/2010/home.htm
2010-04-02,False,False,True,False,https://www.bls.gov/schedule/2010/home.htm
2010-04-14,False,True,False,False,https://www.bls.gov/schedule/2010/home.htm
2010-04-28,True,False,False,False,https://www.federalreserve.gov/newsevents/press/monetary/20100428a.htm
2010-05-07,False,False,True,False,https://www.bls.gov/schedule/2010/home.htm
2010-05-19,False,True,False,False,https://www.bls.gov/schedule/2010/home.htm
2010-06-04,False,False,True,False,https://www.bls.gov/schedule/2010/home.htm
2010-06-17,False,True,False,False,https://www.bls.gov/schedule/2010/home.htm
2010-06-23,True,False,False,False,https://www.federalreserve.gov/newsevents/press/monetary/20100623a.htm
2010-07-02,False,False,True,False,https://www.bls.gov/schedule/2010/home.htm
2010-07-16,False,True,False,False,https://www.bls.gov/schedule/2010/home.htm
2010-08-06,False,False,True,False,https://www.bls.gov/schedule/2010/home.htm
2010-08-10,True,False,False,False,https://www.federalreserve.gov/newsevents/press/monetary/20100810a.htm
2010-08-13,False,True,False,False,https://www.bls.gov/schedule/2010/home.htm
2010-09-03,False,False,True,False,https://www.bls.gov/schedule/2010/home.htm
2010-09-17,False,True,False,False,https://www.bls.gov/schedule/2010/home.htm
2010-09-21,True,False,False,False,https://www.federalreserve.gov/newsevents/press/monetary/20100921a.htm
2010-10-08,False,False,True,False,https://www.bls.gov/schedule/2010/home.htm
2010-10-15,False,True,False,False,https://www.bls.gov/schedule/2010/home.htm
2010-11-03,True,False,False,False,https://www.federalreserve.gov/newsevents/press/monetary/20101103a.htm
2010-11-05,False,False,True,False,https://www.bls.gov/schedule/2010/home.htm
2010-11-17,False,True,False,False,https://www.bls.gov/schedule/2010/home.htm
2010-12-03,False,False,True,False,https://www.bls.gov/schedule/2010/home.htm
2010-12-14,True,False,False,False,https://www.federalreserve.gov/newsevents/press/monetary/20101214a.htm
2010-12-15,False,True,False,False,https://www.bls.gov/schedule/2010/home.htm
2011-01-07,False,False,True,False,https://www.bls.gov/schedule/2011/home.htm
2011-01-14,False,True,False,False,https://www.bls.gov/schedule/2011/home.htm
2011-01-26,True,False,False,False,https://www.federalreserve.gov/newsevents/pressreleases/monetary20110126a.htm
2011-02-04,False,False,True,False,https://www.bls.gov/schedule/2011/home.htm
2011-02-17,False,True,False,False,https://www.bls.gov/schedule/2011/home.htm
2011-03-04,False,False,True,False,https://www.bls.gov/schedule/2011/home.htm
2011-03-15,True,False,False,False,https://www.federalreserve.gov/newsevents/pressreleases/monetary20110315a.htm
2011-03-17,False,True,False,False,https://www.bls.gov/schedule/2011/home.htm
2011-04-01,False,False,True,False,https://www.bls.gov/schedule/2011/home.htm
2011-04-15,False,True,False,False,https://www.bls.gov/schedule/2011/home.htm
2011-04-27,True,False,False,False,https://www.federalreserve.gov/newsevents/pressreleases/monetary20110427a.htm
2011-05-06,False,False,True,False,https://www.bls.gov/schedule/2011/home.htm
2011-05-13,False,True,False,False,https://www.bls.gov/schedule/2011/home.htm
2011-06-03,False,False,True,False,https://www.bls.gov/schedule/2011/home.htm
2011-06-15,False,True,False,False,https://www.bls.gov/schedule/2011/home.htm
2011-06-22,True,False,False,False,https://www.federalreserve.gov/newsevents/pressreleases/monetary20110622a.htm
2011-07-08,False,False,True,False,https://www.bls.gov/schedule/2011/home.htm
2011-07-15,False,True,False,False,https://www.bls.gov/schedule/2011/home.htm
2011-08-05,False,False,True,False,https://www.bls.gov/schedule/2011/home.htm
2011-08-09,True,False,False,False,https://www.federalreserve.gov/newsevents/pressreleases/monetary20110809a.htm
2011-08-18,False,True,False,False,https://www.bls.gov/schedule/2011/home.htm
2011-09-02,False,False,True,False,https://www.bls.gov/schedule/2011/home.htm
2011-09-15,False,True,False,False,https://www.bls.gov/schedule/2011/home.htm
2011-09-21,True,False,False,False,https://www.federalreserve.gov/newsevents/pressreleases/monetary20110921a.htm
2011-10-07,False,False,True,False,https://www.bls.gov/schedule/2011/home.htm
2011-10-19,False,True,False,False,https://www.bls.gov/schedule/2011/home.htm
2011-11-02,True,False,False,False,https://www.federalreserve.gov/newsevents/pressreleases/monetary20111102a.htm
2011-11-04,False,False,True,False,https://www.bls.gov/schedule/2011/home.htm
2011-11-16,False,True,False,False,https://www.bls.gov/schedule/2011/home.htm
2011-12-02,False,False,True,False,https://www.bls.gov/schedule/2011/home.htm
2011-12-13,True,False,False,False,https://www.federalreserve.gov/newsevents/pressreleases/monetary20111213a.htm
2011-12-16,False,True,False,False,https://www.bls.gov/schedule/2011/home.htm
2012-01-06,False,False,True,False,https://www.bls.gov/schedule/2012/home.htm
2012-01-19,False,True,False,False,https://www.bls.gov/schedule/2012/home.htm
2012-01-25,True,False,False,False,https://www.federalreserve.gov/newsevents/pressreleases/monetary20120125a.htm
2012-02-03,False,False,True,False,https://www.bls.gov/schedule/2012/home.htm
2012-02-17,False,True,False,False,https://www.bls.gov/schedule/2012/home.htm
2012-03-09,False,False,True,False,https://www.bls.gov/schedule/2012/home.htm
2012-03-13,True,False,False,False,https://www.federalreserve.gov/newsevents/pressreleases/monetary20120313a.htm
2012-03-16,False,True,False,False,https://www.bls.gov/schedule/2012/home.htm
2012-04-06,False,False,True,False,https://www.bls.gov/schedule/2012/home.htm
2012-04-13,False,True,False,False,https://www.bls.gov/schedule/2012/home.htm
2012-04-25,True,False,False,False,https://www.federalreserve.gov/newsevents/pressreleases/monetary20120425a.htm
2012-05-04,False,False,True,False,https://www.bls.gov/schedule/2012/home.htm
2012-05-15,False,True,False,False,https://www.bls.gov/schedule/2012/home.htm
2012-06-01,False,False,True,False,https://www.bls.gov/schedule/2012/home.htm
2012-06-14,False,True,False,False,https://www.bls.gov/schedule/2012/home.htm
2012-06-20,True,False,False,False,https://www.federalreserve.gov/newsevents/pressreleases/monetary20120620a.htm
2012-07-06,False,False,True,False,https://www.bls.gov/schedule/2012/home.htm
2012-07-17,False,True,False,False,https://www.bls.gov/schedule/2012/home.htm
2012-08-01,True,False,False,False,https://www.federalreserve.gov/newsevents/pressreleases/monetary20120801a.htm
2012-08-03,False,False,True,False,https://www.bls.gov/schedule/2012/home.htm
2012-08-15,False,True,False,False,https://www.bls.gov/schedule/2012/home.htm
2012-09-07,False,False,True,False,https://www.bls.gov/schedule/2012/home.htm
2012-09-13,True,False,False,False,https://www.federalreserve.gov/newsevents/pressreleases/monetary20120913a.htm
2012-09-14,False,True,False,False,https://www.bls.gov/schedule/2012/home.htm
2012-10-05,False,False,True,False,https://www.bls.gov/schedule/2012/home.htm
2012-10-16,False,True,False,False,https://www.bls.gov/schedule/2012/home.htm
2012-10-24,True,False,False,False,https://www.federalreserve.gov/newsevents/pressreleases/monetary20121024a.htm
2012-11-02,False,False,True,False,https://www.bls.gov/schedule/2012/home.htm
2012-11-15,False,True,False,False,https://www.bls.gov/schedule/2012/home.htm
2012-12-07,False,False,True,False,https://www.bls.gov/schedule/2012/home.htm
2012-12-12,True,False,False,False,https://www.federalreserve.gov/newsevents/pressreleases/monetary20121212a.htm
2012-12-14,False,True,False,False,https://www.bls.gov/schedule/2012/home.htm
2013-01-04,False,False,True,False,https://www.bls.gov/schedule/2013/home.htm
2013-01-16,False,True,False,False,https://www.bls.gov/schedule/2013/home.htm
2013-01-30,True,False,False,False,https://www.federalreserve.gov/newsevents/pressreleases/monetary20130130a.htm
2013-02-01,False,False,True,False,https://www.bls.gov/schedule/2013/home.htm
2013-02-21,False,True,False,False,https://www.bls.gov/schedule/2013/home.htm
2013-03-08,False,False,True,False,https://www.bls.gov/schedule/2013/home.htm
2013-03-15,False,True,False,False,https://www.bls.gov/schedule/2013/home.htm
2013-03-20,True,False,False,False,https://www.federalreserve.gov/newsevents/pressreleases/monetary20130320a.htm
2013-04-05,False,False,True,False,https://www.bls.gov/schedule/2013/home.htm
2013-04-16,False,True,False,False,https://www.bls.gov/schedule/2013/home.htm
2013-05-01,True,False,False,False,https://www.federalreserve.gov/newsevents/pressreleases/monetary20130501a.htm
2013-05-03,False,False,True,False,https://www.bls.gov/schedule/2013/home.htm
2013-05-16,False,True,False,False,https://www.bls.gov/schedule/2013/home.htm
2013-06-07,False,False,True,False,https://www.bls.gov/schedule/2013/home.htm
2013-06-18,False,True,False,False,https://www.bls.gov/schedule/2013/home.htm
2013-06-19,True,False,False,False,https://www.federalreserve.gov/newsevents/pressreleases/monetary20130619a.htm
2013-07-05,False,False,True,False,https://www.bls.gov/schedule/2013/home.htm
2013-07-16,False,True,False,False,https://www.bls.gov/schedule/2013/home.htm
2013-07-31,True,False,False,False,https://www.federalreserve.gov/newsevents/pressreleases/monetary20130731a.htm
2013-08-02,False,False,True,False,https://www.bls.gov/schedule/2013/home.htm
2013-08-15,False,True,False,False,https://www.bls.gov/schedule/2013/home.htm
2013-09-06,False,False,True,False,https://www.bls.gov/schedule/2013/home.htm
2013-09-17,False,True,False,False,https://www.bls.gov/schedule/2013/home.htm
2013-09-18,True,False,False,False,https://www.federalreserve.gov/newsevents/pressreleases/monetary20130918a.htm
2013-10-22,False,False,True,False,https://www.bls.gov/schedule/2013/home.htm
2013-10-30,True,True,False,True,https://www.bls.gov/schedule/2013/home.htm | https://www.federalreserve.gov/newsevents/pressreleases/monetary20131030a.htm
2013-11-08,False,False,True,False,https://www.bls.gov/schedule/2013/home.htm
2013-11-20,False,True,False,False,https://www.bls.gov/schedule/2013/home.htm
2013-12-06,False,False,True,False,https://www.bls.gov/schedule/2013/home.htm
2013-12-17,False,True,False,False,https://www.bls.gov/schedule/2013/home.htm
2013-12-18,True,False,False,False,https://www.federalreserve.gov/newsevents/pressreleases/monetary20131218a.htm
2014-01-10,False,False,True,False,https://www.bls.gov/schedule/2014/home.htm
2014-01-16,False,True,False,False,https://www.bls.gov/schedule/2014/home.htm
2014-01-29,True,False,False,False,https://www.federalreserve.gov/newsevents/pressreleases/monetary20140129a.htm
2014-02-07,False,False,True,False,https://www.bls.gov/schedule/2014/home.htm
2014-02-20,False,True,False,False,https://www.bls.gov/schedule/2014/home.htm
2014-03-07,False,False,True,False,https://www.bls.gov/schedule/2014/home.htm
2014-03-18,False,True,False,False,https://www.bls.gov/schedule/2014/home.htm
2014-03-19,True,False,False,False,https://www.federalreserve.gov/newsevents/pressreleases/monetary20140319a.htm
2014-04-04,False,False,True,False,https://www.bls.gov/schedule/2014/home.htm
2014-04-15,False,True,False,False,https://www.bls.gov/schedule/2014/home.htm
2014-04-30,True,False,False,False,https://www.federalreserve.gov/newsevents/pressreleases/monetary20140430a.htm
2014-05-02,False,False,True,False,https://www.bls.gov/schedule/2014/home.htm
2014-05-15,False,True,False,False,https://www.bls.gov/schedule/2014/home.htm
2014-06-06,False,False,True,False,https://www.bls.gov/schedule/2014/home.htm
2014-06-17,False,True,False,False,https://www.bls.gov/schedule/2014/home.htm
2014-06-18,True,False,False,False,https://www.federalreserve.gov/newsevents/pressreleases/monetary20140618a.htm
2014-07-03,False,False,True,False,https://www.bls.gov/schedule/2014/home.htm
2014-07-22,False,True,False,False,https://www.bls.gov/schedule/2014/home.htm
2014-07-30,True,False,False,False,https://www.federalreserve.gov/newsevents/pressreleases/monetary20140730a.htm
2014-08-01,False,False,True,False,https://www.bls.gov/schedule/2014/home.htm
2014-08-19,False,True,False,False,https://www.bls.gov/schedule/2014/home.htm
2014-09-05,False,False,True,False,https://www.bls.gov/schedule/2014/home.htm
2014-09-17,True,True,False,True,https://www.bls.gov/schedule/2014/home.htm | https://www.federalreserve.gov/newsevents/pressreleases/monetary20140917a.htm
2014-10-03,False,False,True,False,https://www.bls.gov/schedule/2014/home.htm
2014-10-22,False,True,False,False,https://www.bls.gov/schedule/2014/home.htm
2014-10-29,True,False,False,False,https://www.federalreserve.gov/newsevents/pressreleases/monetary20141029a.htm
2014-11-07,False,False,True,False,https://www.bls.gov/schedule/2014/home.htm
2014-11-20,False,True,False,False,https://www.bls.gov/schedule/2014/home.htm
2014-12-05,False,False,True,False,https://www.bls.gov/schedule/2014/home.htm
2014-12-17,True,True,False,True,https://www.bls.gov/schedule/2014/home.htm | https://www.federalreserve.gov/newsevents/pressreleases/monetary20141217a.htm
2015-01-09,False,False,True,False,https://www.bls.gov/schedule/2015/home.htm
2015-01-16,False,True,False,False,https://www.bls.gov/schedule/2015/home.htm
2015-01-28,True,False,False,False,https://www.federalreserve.gov/newsevents/pressreleases/monetary20150128a.htm
2015-02-06,False,False,True,False,https://www.bls.gov/schedule/2015/home.htm
2015-02-26,False,True,False,False,https://www.bls.gov/schedule/2015/home.htm
2015-03-06,False,False,True,False,https://www.bls.gov/schedule/2015/home.htm
2015-03-18,True,False,False,False,https://www.federalreserve.gov/newsevents/pressreleases/monetary20150318a.htm
2015-03-24,False,True,False,False,https://www.bls.gov/schedule/2015/home.htm
2015-04-03,False,False,True,False,https://www.bls.gov/schedule/2015/home.htm
2015-04-17,False,True,False,False,https://www.bls.gov/schedule/2015/home.htm
2015-04-29,True,False,False,False,https://www.federalreserve.gov/newsevents/pressreleases/monetary20150429a.htm
2015-05-08,False,False,True,False,https://www.bls.gov/schedule/2015/home.htm
2015-05-22,False,True,False,False,https://www.bls.gov/schedule/2015/home.htm
2015-06-05,False,False,True,False,https://www.bls.gov/schedule/2015/home.htm
2015-06-17,True,False,False,False,https://www.federalreserve.gov/newsevents/pressreleases/monetary20150617a.htm
2015-06-18,False,True,False,False,https://www.bls.gov/schedule/2015/home.htm
2015-07-02,False,False,True,False,https://www.bls.gov/schedule/2015/home.htm
2015-07-17,False,True,False,False,https://www.bls.gov/schedule/2015/home.htm
2015-07-29,True,False,False,False,https://www.federalreserve.gov/newsevents/pressreleases/monetary20150729a.htm
2015-08-07,False,False,True,False,https://www.bls.gov/schedule/2015/home.htm
2015-08-19,False,True,False,False,https://www.bls.gov/schedule/2015/home.htm
2015-09-04,False,False,True,False,https://www.bls.gov/schedule/2015/home.htm
2015-09-16,False,True,False,False,https://www.bls.gov/schedule/2015/home.htm
2015-09-17,True,False,False,False,https://www.federalreserve.gov/newsevents/pressreleases/monetary20150917a.htm
2015-10-02,False,False,True,False,https://www.bls.gov/schedule/2015/home.htm
2015-10-15,False,True,False,False,https://www.bls.gov/schedule/2015/home.htm
2015-10-28,True,False,False,False,https://www.federalreserve.gov/newsevents/pressreleases/monetary20151028a.htm
2015-11-06,False,False,True,False,https://www.bls.gov/schedule/2015/home.htm
2015-11-17,False,True,False,False,https://www.bls.gov/schedule/2015/home.htm
2015-12-04,False,False,True,False,https://www.bls.gov/schedule/2015/home.htm
2015-12-15,False,True,False,False,https://www.bls.gov/schedule/2015/home.htm
2015-12-16,True,False,False,False,https://www.federalreserve.gov/newsevents/pressreleases/monetary20151216a.htm
2016-01-08,False,False,True,False,https://www.bls.gov/schedule/2016/home.htm
2016-01-20,False,True,False,False,https://www.bls.gov/schedule/2016/home.htm
2016-01-27,True,False,False,False,https://www.federalreserve.gov/newsevents/pressreleases/monetary20160127a.htm
2016-02-05,False,False,True,False,https://www.bls.gov/schedule/2016/home.htm
2016-02-19,False,True,False,False,https://www.bls.gov/schedule/2016/home.htm
2016-03-04,False,False,True,False,https://www.bls.gov/schedule/2016/home.htm
2016-03-16,True,True,False,True,https://www.bls.gov/schedule/2016/home.htm | https://www.federalreserve.gov/newsevents/pressreleases/monetary20160316a.htm
2016-04-01,False,False,True,False,https://www.bls.gov/schedule/2016/home.htm
2016-04-14,False,True,False,False,https://www.bls.gov/schedule/2016/home.htm
2016-04-27,True,False,False,False,https://www.federalreserve.gov/newsevents/pressreleases/monetary20160427a.htm
2016-05-06,False,False,True,False,https://www.bls.gov/schedule/2016/home.htm
2016-05-17,False,True,False,False,https://www.bls.gov/schedule/2016/home.htm
2016-06-03,False,False,True,False,https://www.bls.gov/schedule/2016/home.htm
2016-06-15,True,False,False,False,https://www.federalreserve.gov/newsevents/pressreleases/monetary20160615a.htm
2016-06-16,False,True,False,False,https://www.bls.gov/schedule/2016/home.htm
2016-07-08,False,False,True,False,https://www.bls.gov/schedule/2016/home.htm
2016-07-15,False,True,False,False,https://www.bls.gov/schedule/2016/home.htm
2016-07-27,True,False,False,False,https://www.federalreserve.gov/newsevents/pressreleases/monetary20160727a.htm
2016-08-05,False,False,True,False,https://www.bls.gov/schedule/2016/home.htm
2016-08-16,False,True,False,False,https://www.bls.gov/schedule/2016/home.htm
2016-09-02,False,False,True,False,https://www.bls.gov/schedule/2016/home.htm
2016-09-16,False,True,False,False,https://www.bls.gov/schedule/2016/home.htm
2016-09-21,True,False,False,False,https://www.federalreserve.gov/newsevents/pressreleases/monetary20160921a.htm
2016-10-07,False,False,True,False,https://www.bls.gov/schedule/2016/home.htm
2016-10-18,False,True,False,False,https://www.bls.gov/schedule/2016/home.htm
2016-11-02,True,False,False,False,https://www.federalreserve.gov/newsevents/pressreleases/monetary20161102a.htm
2016-11-04,False,False,True,False,https://www.bls.gov/schedule/2016/home.htm
2016-11-17,False,True,False,False,https://www.bls.gov/schedule/2016/home.htm
2016-12-02,False,False,True,False,https://www.bls.gov/schedule/2016/home.htm
2016-12-14,True,False,False,False,https://www.federalreserve.gov/newsevents/pressreleases/monetary20161214a.htm
2016-12-15,False,True,False,False,https://www.bls.gov/schedule/2016/home.htm
2017-01-06,False,False,True,False,https://www.bls.gov/schedule/2017/home.htm
2017-01-18,False,True,False,False,https://www.bls.gov/schedule/2017/home.htm
2017-02-01,True,False,False,False,https://www.federalreserve.gov/newsevents/pressreleases/monetary20170201a.htm
2017-02-03,False,False,True,False,https://www.bls.gov/schedule/2017/home.htm
2017-02-15,False,True,False,False,https://www.bls.gov/schedule/2017/home.htm
2017-03-10,False,False,True,False,https://www.bls.gov/schedule/2017/home.htm
2017-03-15,True,True,False,True,https://www.bls.gov/schedule/2017/home.htm | https://www.federalreserve.gov/newsevents/pressreleases/monetary20170315a.htm
2017-04-07,False,False,True,False,https://www.bls.gov/schedule/2017/home.htm
2017-04-14,False,True,False,False,https://www.bls.gov/schedule/2017/home.htm
2017-05-03,True,False,False,False,https://www.federalreserve.gov/newsevents/pressreleases/monetary20170503a.htm
2017-05-05,False,False,True,False,https://www.bls.gov/schedule/2017/home.htm
2017-05-12,False,True,False,False,https://www.bls.gov/schedule/2017/home.htm
2017-06-02,False,False,True,False,https://www.bls.gov/schedule/2017/home.htm
2017-06-14,True,True,False,True,https://www.bls.gov/schedule/2017/home.htm | https://www.federalreserve.gov/newsevents/pressreleases/monetary20170614a.htm
2017-07-07,False,False,True,False,https://www.bls.gov/schedule/2017/home.htm
2017-07-14,False,True,False,False,https://www.bls.gov/schedule/2017/home.htm
2017-07-26,True,False,False,False,https://www.federalreserve.gov/newsevents/pressreleases/monetary20170726a.htm
2017-08-04,False,False,True,False,https://www.bls.gov/schedule/2017/home.htm
2017-08-11,False,True,False,False,https://www.bls.gov/schedule/2017/home.htm
2017-09-01,False,False,True,False,https://www.bls.gov/schedule/2017/home.htm
2017-09-14,False,True,False,False,https://www.bls.gov/schedule/2017/home.htm
2017-09-20,True,False,False,False,https://www.federalreserve.gov/newsevents/pressreleases/monetary20170920a.htm
2017-10-06,False,False,True,False,https://www.bls.gov/schedule/2017/home.htm
2017-10-13,False,True,False,False,https://www.bls.gov/schedule/2017/home.htm
2017-11-01,True,False,False,False,https://www.federalreserve.gov/newsevents/pressreleases/monetary20171101a.htm
2017-11-03,False,False,True,False,https://www.bls.gov/schedule/2017/home.htm
2017-11-15,False,True,False,False,https://www.bls.gov/schedule/2017/home.htm
2017-12-08,False,False,True,False,https://www.bls.gov/schedule/2017/home.htm
2017-12-13,True,True,False,True,https://www.bls.gov/schedule/2017/home.htm | https://www.federalreserve.gov/newsevents/pressreleases/monetary20171213a.htm
2018-01-05,False,False,True,False,https://www.bls.gov/schedule/2018/home.htm
2018-01-12,False,True,False,False,https://www.bls.gov/schedule/2018/home.htm
2018-01-31,True,False,False,False,https://www.federalreserve.gov/newsevents/pressreleases/monetary20180131a.htm
2018-02-02,False,False,True,False,https://www.bls.gov/schedule/2018/home.htm
2018-02-14,False,True,False,False,https://www.bls.gov/schedule/2018/home.htm
2018-03-09,False,False,True,False,https://www.bls.gov/schedule/2018/home.htm
2018-03-13,False,True,False,False,https://www.bls.gov/schedule/2018/home.htm
2018-03-21,True,False,False,False,https://www.federalreserve.gov/newsevents/pressreleases/monetary20180321a.htm
2018-04-06,False,False,True,False,https://www.bls.gov/schedule/2018/home.htm
2018-04-11,False,True,False,False,https://www.bls.gov/schedule/2018/home.htm
2018-05-02,True,False,False,False,https://www.federalreserve.gov/newsevents/pressreleases/monetary20180502a.htm
2018-05-04,False,False,True,False,https://www.bls.gov/schedule/2018/home.htm
2018-05-10,False,True,False,False,https://www.bls.gov/schedule/2018/home.htm
2018-06-01,False,False,True,False,https://www.bls.gov/schedule/2018/home.htm
2018-06-12,False,True,False,False,https://www.bls.gov/schedule/2018/home.htm
2018-06-13,True,False,False,False,https://www.federalreserve.gov/newsevents/pressreleases/monetary20180613a.htm
2018-07-06,False,False,True,False,https://www.bls.gov/schedule/2018/home.htm
2018-07-12,False,True,False,False,https://www.bls.gov/schedule/2018/home.htm
2018-08-01,True,False,False,False,https://www.federalreserve.gov/newsevents/pressreleases/monetary20180801a.htm
2018-08-03,False,False,True,False,https://www.bls.gov/schedule/2018/home.htm
2018-08-10,False,True,False,False,https://www.bls.gov/schedule/2018/home.htm
2018-09-07,False,False,True,False,https://www.bls.gov/schedule/2018/home.htm
2018-09-13,False,True,False,False,https://www.bls.gov/schedule/2018/home.htm
2018-09-26,True,False,False,False,https://www.federalreserve.gov/newsevents/pressreleases/monetary20180926a.htm
2018-10-05,False,False,True,False,https://www.bls.gov/schedule/2018/home.htm
2018-10-11,False,True,False,False,https://www.bls.gov/schedule/2018/home.htm
2018-11-02,False,False,True,False,https://www.bls.gov/schedule/2018/home.htm
2018-11-08,True,False,False,False,https://www.federalreserve.gov/newsevents/pressreleases/monetary20181108a.htm
2018-11-14,False,True,False,False,https://www.bls.gov/schedule/2018/home.htm
2018-12-07,False,False,True,False,https://www.bls.gov/schedule/2018/home.htm
2018-12-12,False,True,False,False,https://www.bls.gov/schedule/2018/home.htm
2018-12-19,True,False,False,False,https://www.federalreserve.gov/newsevents/pressreleases/monetary20181219a.htm
2019-01-04,False,False,True,False,https://www.bls.gov/schedule/2019/home.htm
2019-01-11,False,True,False,False,https://www.bls.gov/schedule/2019/home.htm
2019-01-30,True,False,False,False,https://www.federalreserve.gov/newsevents/pressreleases/monetary20190130a.htm
2019-02-01,False,False,True,False,https://www.bls.gov/schedule/2019/home.htm
2019-02-13,False,True,False,False,https://www.bls.gov/schedule/2019/home.htm
2019-03-08,False,False,True,False,https://www.bls.gov/schedule/2019/home.htm
2019-03-12,False,True,False,False,https://www.bls.gov/schedule/2019/home.htm
2019-03-20,True,False,False,False,https://www.federalreserve.gov/newsevents/pressreleases/monetary20190320a.htm
2019-04-05,False,False,True,False,https://www.bls.gov/schedule/2019/home.htm
2019-04-10,False,True,False,False,https://www.bls.gov/schedule/2019/home.htm
2019-05-01,True,False,False,False,https://www.federalreserve.gov/newsevents/pressreleases/monetary20190501a.htm
2019-05-03,False,False,True,False,https://www.bls.gov/schedule/2019/home.htm
2019-05-10,False,True,False,False,https://www.bls.gov/schedule/2019/home.htm
2019-06-07,False,False,True,False,https://www.bls.gov/schedule/2019/home.htm
2019-06-12,False,True,False,False,https://www.bls.gov/schedule/2019/home.htm
2019-06-19,True,False,False,False,https://www.federalreserve.gov/newsevents/pressreleases/monetary20190619a.htm
2019-07-05,False,False,True,False,https://www.bls.gov/schedule/2019/home.htm
2019-07-11,False,True,False,False,https://www.bls.gov/schedule/2019/home.htm
2019-07-31,True,False,False,False,https://www.federalreserve.gov/newsevents/pressreleases/monetary20190731a.htm
2019-08-02,False,False,True,False,https://www.bls.gov/schedule/2019/home.htm
2019-08-13,False,True,False,False,https://www.bls.gov/schedule/2019/home.htm
2019-09-06,False,False,True,False,https://www.bls.gov/schedule/2019/home.htm
2019-09-12,False,True,False,False,https://www.bls.gov/schedule/2019/home.htm
2019-09-18,True,False,False,False,https://www.federalreserve.gov/newsevents/pressreleases/monetary20190918a.htm
2019-10-04,False,False,True,False,https://www.bls.gov/schedule/2019/home.htm
2019-10-10,False,True,False,False,https://www.bls.gov/schedule/2019/home.htm
2019-10-30,True,False,False,False,https://www.federalreserve.gov/newsevents/pressreleases/monetary20191030a.htm
2019-11-01,False,False,True,False,https://www.bls.gov/schedule/2019/home.htm
2019-11-13,False,True,False,False,https://www.bls.gov/schedule/2019/home.htm
2019-12-06,False,False,True,False,https://www.bls.gov/schedule/2019/home.htm
2019-12-11,True,True,False,True,https://www.bls.gov/schedule/2019/home.htm | https://www.federalreserve.gov/newsevents/pressreleases/monetary20191211a.htm
2020-01-10,False,False,True,False,https://www.bls.gov/schedule/2020/home.htm
2020-01-14,False,True,False,False,https://www.bls.gov/schedule/2020/home.htm
2020-01-29,True,False,False,False,https://www.federalreserve.gov/newsevents/pressreleases/monetary20200129a.htm
2020-02-07,False,False,True,False,https://www.bls.gov/schedule/2020/home.htm
2020-02-13,False,True,False,False,https://www.bls.gov/schedule/2020/home.htm
2020-03-06,False,False,True,False,https://www.bls.gov/schedule/2020/home.htm
2020-03-11,False,True,False,False,https://www.bls.gov/schedule/2020/home.htm
2020-04-03,False,False,True,False,https://www.bls.gov/schedule/2020/home.htm
2020-04-10,False,True,False,False,https://www.bls.gov/schedule/2020/home.htm
2020-04-29,True,False,False,False,https://www.federalreserve.gov/newsevents/pressreleases/monetary20200429a.htm
2020-05-08,False,False,True,False,https://www.bls.gov/schedule/2020/home.htm
2020-05-12,False,True,False,False,https://www.bls.gov/schedule/2020/home.htm
2020-06-05,False,False,True,False,https://www.bls.gov/schedule/2020/home.htm
2020-06-10,True,True,False,True,https://www.bls.gov/schedule/2020/home.htm | https://www.federalreserve.gov/newsevents/pressreleases/monetary20200610a.htm
2020-07-02,False,False,True,False,https://www.bls.gov/schedule/2020/home.htm
2020-07-14,False,True,False,False,https://www.bls.gov/schedule/2020/home.htm
2020-07-29,True,False,False,False,https://www.federalreserve.gov/newsevents/pressreleases/monetary20200729a.htm
2020-08-07,False,False,True,False,https://www.bls.gov/schedule/2020/home.htm
2020-08-12,False,True,False,False,https://www.bls.gov/schedule/2020/home.htm
2020-09-04,False,False,True,False,https://www.bls.gov/schedule/2020/home.htm
2020-09-11,False,True,False,False,https://www.bls.gov/schedule/2020/home.htm
2020-09-16,True,False,False,False,https://www.federalreserve.gov/newsevents/pressreleases/monetary20200916a.htm
2020-10-02,False,False,True,False,https://www.bls.gov/schedule/2020/home.htm
2020-10-13,False,True,False,False,https://www.bls.gov/schedule/2020/home.htm
2020-11-05,True,False,False,False,https://www.federalreserve.gov/newsevents/pressreleases/monetary20201105a.htm
2020-11-06,False,False,True,False,https://www.bls.gov/schedule/2020/home.htm
2020-11-12,False,True,False,False,https://www.bls.gov/schedule/2020/home.htm
2020-12-04,False,False,True,False,https://www.bls.gov/schedule/2020/home.htm
2020-12-10,False,True,False,False,https://www.bls.gov/schedule/2020/home.htm
2020-12-16,True,False,False,False,https://www.federalreserve.gov/newsevents/pressreleases/monetary20201216a.htm
2021-01-08,False,False,True,False,https://www.bls.gov/schedule/2021/home.htm
2021-01-13,False,True,False,False,https://www.bls.gov/schedule/2021/home.htm
2021-01-27,True,False,False,False,https://www.federalreserve.gov/newsevents/pressreleases/monetary20210127a.htm
2021-02-05,False,False,True,False,https://www.bls.gov/schedule/2021/home.htm
2021-02-10,False,True,False,False,https://www.bls.gov/schedule/2021/home.htm
2021-03-05,False,False,True,False,https://www.bls.gov/schedule/2021/home.htm
2021-03-10,False,True,False,False,https://www.bls.gov/schedule/2021/home.htm
2021-03-17,True,False,False,False,https://www.federalreserve.gov/newsevents/pressreleases/monetary20210317a.htm
2021-04-02,False,False,True,False,https://www.bls.gov/schedule/2021/home.htm
2021-04-13,False,True,False,False,https://www.bls.gov/schedule/2021/home.htm
2021-04-28,True,False,False,False,https://www.federalreserve.gov/newsevents/pressreleases/monetary20210428a.htm
2021-05-07,False,False,True,False,https://www.bls.gov/schedule/2021/home.htm
2021-05-12,False,True,False,False,https://www.bls.gov/schedule/2021/home.htm
2021-06-04,False,False,True,False,https://www.bls.gov/schedule/2021/home.htm
2021-06-10,False,True,False,False,https://www.bls.gov/schedule/2021/home.htm
2021-06-16,True,False,False,False,https://www.federalreserve.gov/newsevents/pressreleases/monetary20210616a.htm
2021-07-02,False,False,True,False,https://www.bls.gov/schedule/2021/home.htm
2021-07-13,False,True,False,False,https://www.bls.gov/schedule/2021/home.htm
2021-07-28,True,False,False,False,https://www.federalreserve.gov/newsevents/pressreleases/monetary20210728a.htm
2021-08-06,False,False,True,False,https://www.bls.gov/schedule/2021/home.htm
2021-08-11,False,True,False,False,https://www.bls.gov/schedule/2021/home.htm
2021-09-03,False,False,True,False,https://www.bls.gov/schedule/2021/home.htm
2021-09-14,False,True,False,False,https://www.bls.gov/schedule/2021/home.htm
2021-09-22,True,False,False,False,https://www.federalreserve.gov/newsevents/pressreleases/monetary20210922a.htm
2021-10-08,False,False,True,False,https://www.bls.gov/schedule/2021/home.htm
2021-10-13,False,True,False,False,https://www.bls.gov/schedule/2021/home.htm
2021-11-03,True,False,False,False,https://www.federalreserve.gov/newsevents/pressreleases/monetary20211103a.htm
2021-11-05,False,False,True,False,https://www.bls.gov/schedule/2021/home.htm
2021-11-10,False,True,False,False,https://www.bls.gov/schedule/2021/home.htm
2021-12-03,False,False,True,False,https://www.bls.gov/schedule/2021/home.htm
2021-12-10,False,True,False,False,https://www.bls.gov/schedule/2021/home.htm
2021-12-15,True,False,False,False,https://www.federalreserve.gov/newsevents/pressreleases/monetary20211215a.htm
2022-01-07,False,False,True,False,https://www.bls.gov/schedule/2022/home.htm
2022-01-12,False,True,False,False,https://www.bls.gov/schedule/2022/home.htm
2022-01-26,True,False,False,False,https://www.federalreserve.gov/newsevents/pressreleases/monetary20220126a.htm
2022-02-04,False,False,True,False,https://www.bls.gov/schedule/2022/home.htm
2022-02-10,False,True,False,False,https://www.bls.gov/schedule/2022/home.htm
2022-03-04,False,False,True,False,https://www.bls.gov/schedule/2022/home.htm
2022-03-10,False,True,False,False,https://www.bls.gov/schedule/2022/home.htm
2022-03-16,True,False,False,False,https://www.federalreserve.gov/newsevents/pressreleases/monetary20220316a.htm
2022-04-01,False,False,True,False,https://www.bls.gov/schedule/2022/home.htm
2022-04-12,False,True,False,False,https://www.bls.gov/schedule/2022/home.htm
2022-05-04,True,False,False,False,https://www.federalreserve.gov/newsevents/pressreleases/monetary20220504a.htm
2022-05-06,False,False,True,False,https://www.bls.gov/schedule/2022/home.htm
2022-05-11,False,True,False,False,https://www.bls.gov/schedule/2022/home.htm
2022-06-03,False,False,True,False,https://www.bls.gov/schedule/2022/home.htm
2022-06-10,False,True,False,False,https://www.bls.gov/schedule/2022/home.htm
2022-06-15,True,False,False,False,https://www.federalreserve.gov/newsevents/pressreleases/monetary20220615a.htm
2022-07-08,False,False,True,False,https://www.bls.gov/schedule/2022/home.htm
2022-07-13,False,True,False,False,https://www.bls.gov/schedule/2022/home.htm
2022-07-27,True,False,False,False,https://www.federalreserve.gov/newsevents/pressreleases/monetary20220727a.htm
2022-08-05,False,False,True,False,https://www.bls.gov/schedule/2022/home.htm
2022-08-10,False,True,False,False,https://www.bls.gov/schedule/2022/home.htm
2022-09-02,False,False,True,False,https://www.bls.gov/schedule/2022/home.htm
2022-09-13,False,True,False,False,https://www.bls.gov/schedule/2022/home.htm
2022-09-21,True,False,False,False,https://www.federalreserve.gov/newsevents/pressreleases/monetary20220921a.htm
2022-10-07,False,False,True,False,https://www.bls.gov/schedule/2022/home.htm
2022-10-13,False,True,False,False,https://www.bls.gov/schedule/2022/home.htm
2022-11-02,True,False,False,False,https://www.federalreserve.gov/newsevents/pressreleases/monetary20221102a.htm
2022-11-04,False,False,True,False,https://www.bls.gov/schedule/2022/home.htm
2022-11-10,False,True,False,False,https://www.bls.gov/schedule/2022/home.htm
2022-12-02,False,False,True,False,https://www.bls.gov/schedule/2022/home.htm
2022-12-13,False,True,False,False,https://www.bls.gov/schedule/2022/home.htm
2022-12-14,True,False,False,False,https://www.federalreserve.gov/newsevents/pressreleases/monetary20221214a.htm
2023-01-06,False,False,True,False,https://www.bls.gov/schedule/2023/home.htm
2023-01-12,False,True,False,False,https://www.bls.gov/schedule/2023/home.htm
2023-02-01,True,False,False,False,https://www.federalreserve.gov/newsevents/pressreleases/monetary20230201a.htm
2023-02-03,False,False,True,False,https://www.bls.gov/schedule/2023/home.htm
2023-02-14,False,True,False,False,https://www.bls.gov/schedule/2023/home.htm
2023-03-10,False,False,True,False,https://www.bls.gov/schedule/2023/home.htm
2023-03-14,False,True,False,False,https://www.bls.gov/schedule/2023/home.htm
2023-03-22,True,False,False,False,https://www.federalreserve.gov/newsevents/pressreleases/monetary20230322a.htm
2023-04-07,False,False,True,False,https://www.bls.gov/schedule/2023/home.htm
2023-04-12,False,True,False,False,https://www.bls.gov/schedule/2023/home.htm
2023-05-03,True,False,False,False,https://www.federalreserve.gov/newsevents/pressreleases/monetary20230503a.htm
2023-05-05,False,False,True,False,https://www.bls.gov/schedule/2023/home.htm
2023-05-10,False,True,False,False,https://www.bls.gov/schedule/2023/home.htm
2023-06-02,False,False,True,False,https://www.bls.gov/schedule/2023/home.htm
2023-06-13,False,True,False,False,https://www.bls.gov/schedule/2023/home.htm
2023-06-14,True,False,False,False,https://www.federalreserve.gov/newsevents/pressreleases/monetary20230614a.htm
2023-07-07,False,False,True,False,https://www.bls.gov/schedule/2023/home.htm
2023-07-12,False,True,False,False,https://www.bls.gov/schedule/2023/home.htm
2023-07-26,True,False,False,False,https://www.federalreserve.gov/newsevents/pressreleases/monetary20230726a.htm
2023-08-04,False,False,True,False,https://www.bls.gov/schedule/2023/home.htm
2023-08-10,False,True,False,False,https://www.bls.gov/schedule/2023/home.htm
2023-09-01,False,False,True,False,https://www.bls.gov/schedule/2023/home.htm
2023-09-13,False,True,False,False,https://www.bls.gov/schedule/2023/home.htm
2023-09-20,True,False,False,False,https://www.federalreserve.gov/newsevents/pressreleases/monetary20230920a.htm
2023-10-06,False,False,True,False,https://www.bls.gov/schedule/2023/home.htm
2023-10-12,False,True,False,False,https://www.bls.gov/schedule/2023/home.htm
2023-11-01,True,False,False,False,https://www.federalreserve.gov/newsevents/pressreleases/monetary20231101a.htm
2023-11-03,False,False,True,False,https://www.bls.gov/schedule/2023/home.htm
2023-11-14,False,True,False,False,https://www.bls.gov/schedule/2023/home.htm
2023-12-08,False,False,True,False,https://www.bls.gov/schedule/2023/home.htm
2023-12-12,False,True,False,False,https://www.bls.gov/schedule/2023/home.htm
2023-12-13,True,False,False,False,https://www.federalreserve.gov/newsevents/pressreleases/monetary20231213a.htm
2024-01-05,False,False,True,False,https://www.bls.gov/schedule/2024/home.htm
2024-01-11,False,True,False,False,https://www.bls.gov/schedule/2024/home.htm
2024-01-31,True,False,False,False,https://www.federalreserve.gov/newsevents/pressreleases/monetary20240131a.htm
2024-02-02,False,False,True,False,https://www.bls.gov/schedule/2024/home.htm
2024-02-13,False,True,False,False,https://www.bls.gov/schedule/2024/home.htm
2024-03-08,False,False,True,False,https://www.bls.gov/schedule/2024/home.htm
2024-03-12,False,True,False,False,https://www.bls.gov/schedule/2024/home.htm
2024-03-20,True,False,False,False,https://www.federalreserve.gov/newsevents/pressreleases/monetary20240320a.htm
2024-04-05,False,False,True,False,https://www.bls.gov/schedule/2024/home.htm
2024-04-10,False,True,False,False,https://www.bls.gov/schedule/2024/home.htm
2024-05-01,True,False,False,False,https://www.federalreserve.gov/newsevents/pressreleases/monetary20240501a.htm
2024-05-03,False,False,True,False,https://www.bls.gov/schedule/2024/home.htm
2024-05-15,False,True,False,False,https://www.bls.gov/schedule/2024/home.htm
2024-06-07,False,False,True,False,https://www.bls.gov/schedule/2024/home.htm
2024-06-12,True,True,False,True,https://www.bls.gov/schedule/2024/home.htm | https://www.federalreserve.gov/newsevents/pressreleases/monetary20240612a.htm
2024-07-05,False,False,True,False,https://www.bls.gov/schedule/2024/home.htm
2024-07-11,False,True,False,False,https://www.bls.gov/schedule/2024/home.htm
2024-07-31,True,False,False,False,https://www.federalreserve.gov/newsevents/pressreleases/monetary20240731a.htm
2024-08-02,False,False,True,False,https://www.bls.gov/schedule/2024/home.htm
2024-08-14,False,True,False,False,https://www.bls.gov/schedule/2024/home.htm
2024-09-06,False,False,True,False,https://www.bls.gov/schedule/2024/home.htm
2024-09-11,False,True,False,False,https://www.bls.gov/schedule/2024/home.htm
2024-09-18,True,False,False,False,https://www.federalreserve.gov/newsevents/pressreleases/monetary20240918a.htm
2024-10-04,False,False,True,False,https://www.bls.gov/schedule/2024/home.htm
2024-10-10,False,True,False,False,https://www.bls.gov/schedule/2024/home.htm
2024-11-01,False,False,True,False,https://www.bls.gov/schedule/2024/home.htm
2024-11-07,True,False,False,False,https://www.federalreserve.gov/newsevents/pressreleases/monetary20241107a.htm
2024-11-13,False,True,False,False,https://www.bls.gov/schedule/2024/home.htm
2024-12-06,False,False,True,False,https://www.bls.gov/schedule/2024/home.htm
2024-12-11,False,True,False,False,https://www.bls.gov/schedule/2024/home.htm
2024-12-18,True,False,False,False,https://www.federalreserve.gov/newsevents/pressreleases/monetary20241218a.htm
2025-01-10,False,False,True,False,https://www.bls.gov/schedule/2025/home.htm
2025-01-15,False,True,False,False,https://www.bls.gov/schedule/2025/home.htm
2025-01-29,True,False,False,False,https://www.federalreserve.gov/newsevents/pressreleases/monetary20250129a.htm
2025-02-07,False,False,True,False,https://www.bls.gov/schedule/2025/home.htm
2025-02-12,False,True,False,False,https://www.bls.gov/schedule/2025/home.htm
2025-03-07,False,False,True,False,https://www.bls.gov/schedule/2025/home.htm
2025-03-12,False,True,False,False,https://www.bls.gov/schedule/2025/home.htm
2025-03-19,True,False,False,False,https://www.federalreserve.gov/newsevents/pressreleases/monetary20250319a.htm
2025-04-04,False,False,True,False,https://www.bls.gov/schedule/2025/home.htm
2025-04-10,False,True,False,False,https://www.bls.gov/schedule/2025/home.htm
2025-05-02,False,False,True,False,https://www.bls.gov/schedule/2025/home.htm
2025-05-07,True,False,False,False,https://www.federalreserve.gov/newsevents/pressreleases/monetary20250507a.htm
2025-05-13,False,True,False,False,https://www.bls.gov/schedule/2025/home.htm
2025-06-06,False,False,True,False,https://www.bls.gov/schedule/2025/home.htm
2025-06-11,False,True,False,False,https://www.bls.gov/schedule/2025/home.htm
2025-06-18,True,False,False,False,https://www.federalreserve.gov/newsevents/pressreleases/monetary20250618a.htm
2025-07-03,False,False,True,False,https://www.bls.gov/schedule/2025/home.htm
2025-07-15,False,True,False,False,https://www.bls.gov/schedule/2025/home.htm
2025-07-30,True,False,False,False,https://www.federalreserve.gov/newsevents/pressreleases/monetary20250730a.htm
2025-08-01,False,False,True,False,https://www.bls.gov/schedule/2025/home.htm
2025-08-12,False,True,False,False,https://www.bls.gov/schedule/2025/home.htm
2025-09-05,False,False,True,False,https://www.bls.gov/schedule/2025/home.htm
2025-09-11,False,True,False,False,https://www.bls.gov/schedule/2025/home.htm
2025-09-17,True,False,False,False,https://www.federalreserve.gov/newsevents/pressreleases/monetary20250917a.htm
2025-10-24,False,True,False,False,https://www.bls.gov/schedule/2025/home.htm
2025-10-29,True,False,False,False,https://www.federalreserve.gov/newsevents/pressreleases/monetary20251029a.htm
2025-11-20,False,False,True,False,https://www.bls.gov/schedule/2025/home.htm
2025-12-10,True,False,False,False,https://www.federalreserve.gov/newsevents/pressreleases/monetary20251210a.htm
2025-12-16,False,False,True,False,https://www.bls.gov/schedule/2025/home.htm
2025-12-18,False,True,False,False,https://www.bls.gov/schedule/2025/home.htm
2026-01-09,False,False,True,False,https://www.bls.gov/schedule/2026/home.htm
2026-01-13,False,True,False,False,https://www.bls.gov/schedule/2026/home.htm
2026-01-28,True,False,False,False,https://www.federalreserve.gov/newsevents/pressreleases/monetary20260128a.htm
2026-02-11,False,False,True,False,https://www.bls.gov/schedule/2026/home.htm
2026-02-13,False,True,False,False,https://www.bls.gov/schedule/2026/home.htm
2026-03-06,False,False,True,False,https://www.bls.gov/schedule/2026/home.htm
2026-03-11,False,True,False,False,https://www.bls.gov/schedule/2026/home.htm
2026-03-18,True,False,False,False,https://www.federalreserve.gov/newsevents/pressreleases/monetary20260318a.htm
2026-04-03,False,False,True,False,https://www.bls.gov/schedule/2026/home.htm
2026-04-10,False,True,False,False,https://www.bls.gov/schedule/2026/home.htm
2026-04-29,True,False,False,False,https://www.federalreserve.gov/newsevents/pressreleases/monetary20260429a.htm
2026-05-08,False,False,True,False,https://www.bls.gov/schedule/2026/home.htm
2026-05-12,False,True,False,False,https://www.bls.gov/schedule/2026/home.htm
2026-06-05,False,False,True,False,https://www.bls.gov/schedule/2026/home.htm
2026-06-10,False,True,False,False,https://www.bls.gov/schedule/2026/home.htm
2026-06-17,True,False,False,False,https://www.federalreserve.gov/newsevents/pressreleases/monetary20260617a.htm
2026-07-02,False,False,True,False,https://www.bls.gov/schedule/2026/home.htm
2026-07-14,False,True,False,False,https://www.bls.gov/schedule/2026/home.htm
2026-07-29,True,False,False,False,https://www.federalreserve.gov/newsevents/pressreleases/monetary20260729a.htm
2026-08-07,False,False,True,False,https://www.bls.gov/schedule/2026/home.htm
2026-08-12,False,True,False,False,https://www.bls.gov/schedule/2026/home.htm
2026-09-04,False,False,True,False,https://www.bls.gov/schedule/2026/home.htm
2026-09-11,False,True,False,False,https://www.bls.gov/schedule/2026/home.htm
2026-09-16,True,False,False,False,https://www.federalreserve.gov/newsevents/pressreleases/monetary20260916a.htm
2026-10-02,False,False,True,False,https://www.bls.gov/schedule/2026/home.htm
2026-10-14,False,True,False,False,https://www.bls.gov/schedule/2026/home.htm
2026-11-06,False,False,True,False,https://www.bls.gov/schedule/2026/home.htm
2026-11-10,False,True,False,False,https://www.bls.gov/schedule/2026/home.htm
2026-12-04,False,False,True,False,https://www.bls.gov/schedule/2026/home.htm
2026-12-10,False,True,False,False,https://www.bls.gov/schedule/2026/home.htm
