strategy,cost_bps,cagr,ann_vol,sharpe_rf0,max_drawdown,dd_duration_days,hit_rate_monthly,sharpe_rf,ann_turnover
penalized,0.0,0.2941119446716778,1.9503173869805859,0.8403982044212205,-0.7258730825468266,2890,0.6196078431372549,0.8316785069949688,9.985958145118824
penalized,5.0,0.2876650731322863,1.9501848297515365,0.8378301304336535,-0.728848447665188,3974,0.615686274509804,0.8291098295446023,9.985958145118824
penalized,10.0,0.2812473270720306,1.9500535928733918,0.8352611417673502,-0.7317928763116316,3974,0.6078431372549019,0.8265402433114654,9.985958145118824
penalized,25.0,0.2621676597874443,1.949667806997256,0.8275487369344943,-0.7404436048534576,3974,0.6,0.8188260811904257,9.985958145118824
ridge,0.0,0.29328716644029673,1.9501536012583152,0.8399184865764237,-0.7288037220192043,2935,0.611764705882353,0.831198016668193,10.63287669809577
ridge,5.0,0.28642806242728724,1.9500227594507977,0.8371846015344433,-0.7318520253270762,3974,0.6078431372549019,0.8284635353342963,10.63287669809577
ridge,10.0,0.27960201731198087,1.949893363003727,0.8344497310565324,-0.7348674909357034,3974,0.6,0.8257280750315463,10.63287669809577
ridge,25.0,0.25932080154657045,1.9495138486871355,0.8262392646825847,-0.7437202292512233,3974,0.5882352941176471,0.8175158780250261,10.63287669809577
momentum,0.0,0.28023886452151636,1.486898585695612,0.7446663299753229,-0.64855961287372,2017,0.6274509803921569,0.7332420197374403,5.620632529217885
momentum,5.0,0.27664558524943983,1.4868318851182987,0.7427753236702248,-0.6485596128737201,2160,0.6274509803921569,0.7313504688640449,5.620632529217885
momentum,10.0,0.2730614854847109,1.4867657041093842,0.7408838887821285,-0.6485596128737201,2510,0.6274509803921569,0.7294584933385492,5.620632529217885
momentum,25.0,0.26236405144945296,1.4865702791842366,0.7352070315422492,-0.6485596128737201,2783,0.611764705882353,0.7237800377886894,5.620632529217885
equal,0.0,0.164633797708595,0.6800309562226985,0.5433281393030389,-0.5931705557530781,789,0.6431372549019608,0.5183167674770428,0.8904479450657792
equal,5.0,0.1641153669730473,0.6800069669309665,0.5426743960584346,-0.5935616250529938,789,0.6431372549019608,0.5176621437671034,0.8904479450657792
equal,10.0,0.16359712049505415,0.6799830461553747,0.5420205520718507,-0.5939523383972538,791,0.6431372549019608,0.5170074217841709,0.8904479450657792
equal,25.0,0.16204348595745088,0.6799116949976564,0.5400584174735158,-0.5951223457550359,792,0.6431372549019608,0.515042668018634,0.8904479450657792
SPY,0.0,0.113520072249641,0.19180043556335097,0.6566789834354949,-0.5518944221686027,1223,0.6771653543307087,0.5680009873873131,0.0
60/40,0.0,0.08546827526240874,0.10780719539060515,0.8147446319928273,-0.3231648743512753,709,0.6784313725490196,0.656967880693985,0.23913253498824397
SPY,5.0,0.113520072249641,0.19180043556335097,0.6566789834354949,-0.5518944221686027,1223,0.6771653543307087,0.5680009873873131,0.0
60/40,5.0,0.08533849649802594,0.10780696154652934,0.8136367669164233,-0.32335056983313415,709,0.6784313725490196,0.6558598363924316,0.23913253498824397
SPY,10.0,0.113520072249641,0.19180043556335097,0.6566789834354949,-0.5518944221686027,1223,0.6771653543307087,0.5680009873873131,0.0
60/40,10.0,0.08520873098441784,0.10780674653000549,0.8125287551324517,-0.3235362201354526,709,0.6784313725490196,0.6547516726136461,0.23913253498824397
SPY,25.0,0.113520072249641,0.19180043556335097,0.6566789834354949,-0.5518944221686027,1223,0.6771653543307087,0.5680009873873131,0.0
60/40,25.0,0.08481951393664233,0.10780621444682276,0.8092038453242207,-0.3240929000620849,709,0.6784313725490196,0.6514264702051048,0.23913253498824397
